,Name,brand_x,ratings,volume,price,category,Age,type,gender,rating,recommend
0,리얼 히알루로닉 블루 100 토너 패드,웰라쥬,4.66,210ml ," 24,000원",스킨케어,28,민감성,여,4.0,True
1,파워 10 포뮬라 엘아이 젤리 패드 감초줄렌,잇츠스킨,4.73,70ea ," 22,000원",스킨케어,23,복합성,여,5.0,True
2,파워 10 포뮬라 엘아이 젤리 패드 감초줄렌,잇츠스킨,4.73,70ea ," 22,000원",스킨케어,24,복합성,여,5.0,True
3,파워 10 포뮬라 엘아이 젤리 패드 감초줄렌,잇츠스킨,4.73,70ea ," 22,000원",스킨케어,29,복합성,여,5.0,True
4,파워 10 포뮬라 엘아이 젤리 패드 감초줄렌,잇츠스킨,4.73,70ea ," 22,000원",스킨케어,29,복합성,여,5.0,True
5,파워 10 포뮬라 엘아이 젤리 패드 감초줄렌,잇츠스킨,4.73,70ea ," 22,000원",스킨케어,24,복합성,여,5.0,True
6,캐롯 카로틴 카밍 워터 패드,스킨푸드,4.55,60ea ," 26,000원",스킨케어,24,지성,여,5.0,True
7,센텔라 목화솜 토너패드,웰스킨,4.51,70ea ," 22,000원",스킨케어,23,지성,여,4.0,True
8,시카마누 순면 클리어패드,파넬,4.51,70ea ," 31,000원",스킨케어,29,복합성,여,5.0,True
9,아쿠아 피토플렉스 크림 인 토너,아이레시피,4.44,120ml ," 20,000원",스킨케어,30,복합성,여,4.0,True
10,인텐시브 리파이닝 에멀젼,라보드레,4.54,50ml ," 33,000원",스킨케어,19,건성,여,5.0,True
11,인텐시브 리파이닝 에멀젼,라보드레,4.54,50ml ," 33,000원",스킨케어,39,건성,여,5.0,True
12,아토베리어 365 로션,에스트라,4.43,150ml ," 28,000원",스킨케어,28,건성,여,4.0,True
13,아토베리어 365 로션,에스트라,4.43,150ml ," 28,000원",스킨케어,32,건성,여,5.0,True
14,아토베리어 365 로션,에스트라,4.43,150ml ," 28,000원",스킨케어,23,복합성,여,4.0,True
15,아토베리어 365 로션,에스트라,4.43,150ml ," 28,000원",스킨케어,15,지성,여,4.0,True
16,아토베리어 365 로션,에스트라,4.43,150ml ," 28,000원",스킨케어,32,복합성,여,4.0,True
17,아토베리어 365 로션,에스트라,4.43,150ml ," 28,000원",스킨케어,17,민감성,여,5.0,True
18,아토베리어 365 로션,에스트라,4.43,150ml ," 28,000원",스킨케어,25,민감성,여,4.0,True
20,그린티 약산성 에센스 로션,라운드어라운드,4.47,220ml ," 23,000원",스킨케어,29,건성,여,4.0,True
22,슈퍼바이탈 에멀젼,아이오페,4.35,150ml ," 60,000원",스킨케어,38,복합성,여,5.0,True
23,레드 블레미쉬 멀티 플루이드,닥터지,4.05,100ml ," 95,000원",스킨케어,31,복합성,여,4.0,True
24,굳세라 수퍼 세라마이드 에멀젼,홀리카홀리카,4.06,130ml ," 17,000원",스킨케어,17,민감성,여,5.0,True
25,굳세라 수퍼 세라마이드 에멀젼,홀리카홀리카,4.06,130ml ," 17,000원",스킨케어,27,복합성,여,4.0,True
26,트릭세라 뉴트리 플루이드 로션,아벤느,4.1,200ml ," 33,000원",스킨케어,24,민감성,여,4.0,True
27,트릭세라 뉴트리 플루이드 로션,아벤느,4.1,200ml ," 33,000원",스킨케어,29,건성,여,4.0,True
28,자음생세럼,설화수,4.65,50ml ," 220,000원",스킨케어,50,복합성,여,4.0,True
29,폴리페놀 인 프로폴리스 15% 앰플,바이위시트렌드,4.54,30ml ," 32,000원",스킨케어,21,복합성,여,5.0,True
30,폴리페놀 인 프로폴리스 15% 앰플,바이위시트렌드,4.54,30ml ," 32,000원",스킨케어,32,복합성,여,5.0,True
31,파워 10 포뮬라 엘아이 이펙터 감초줄렌,잇츠스킨,4.55,30ml ," 14,000원",스킨케어,28,복합성,여,5.0,True
32,파워 10 포뮬라 엘아이 이펙터 감초줄렌,잇츠스킨,4.55,30ml ," 14,000원",스킨케어,23,지성,여,5.0,True
34,파워 10 포뮬라 엘아이 이펙터 감초줄렌,잇츠스킨,4.55,30ml ," 14,000원",스킨케어,29,복합성,여,4.0,True
35,리더스 퍼스트 샷 액티브 에센스 에이지 컨트롤,리더스코스메틱,4.52,150ml ," 34,000원",스킨케어,31,복합성,여,5.0,True
36,리더스 퍼스트 샷 액티브 에센스 에이지 컨트롤,리더스코스메틱,4.52,150ml ," 34,000원",스킨케어,23,복합성,여,5.0,True
37,리더스 퍼스트 샷 액티브 에센스 에이지 컨트롤,리더스코스메틱,4.52,150ml ," 34,000원",스킨케어,23,건성,여,5.0,True
38,리더스 퍼스트 샷 액티브 에센스 에이지 컨트롤,리더스코스메틱,4.52,150ml ," 34,000원",스킨케어,42,복합성,여,5.0,True
39,리더스 퍼스트 샷 액티브 에센스 에이지 컨트롤,리더스코스메틱,4.52,150ml ," 34,000원",스킨케어,31,복합성,여,4.0,True
40,리더스 퍼스트 샷 액티브 에센스 에이지 컨트롤,리더스코스메틱,4.52,150ml ," 34,000원",스킨케어,40,건성,여,5.0,True
41,타임 레볼루션 나이트 리페어 앰플 5X,미샤,4.45,70ml ," 44,000원",스킨케어,36,건성,여,5.0,True
43,인테카 수딩 크림,메이크프렘,4.59,80ml ," 32,000원",스킨케어,31,건성,여,5.0,True
44,인테카 수딩 크림,메이크프렘,4.59,80ml ," 32,000원",스킨케어,27,건성,여,4.0,True
45,인테카 수딩 크림,메이크프렘,4.59,80ml ," 32,000원",스킨케어,26,건성,여,5.0,True
46,워터풀 히알루론산 크림,주미소,4.59,50g ," 24,000원",스킨케어,21,지성,여,5.0,True
47,화이트 트러플 프리미엄 인텐시브 세럼,달바,4.53,100ml ," 46,000원",스킨케어,25,건성,여,4.0,True
48,화이트 트러플 프리미엄 인텐시브 세럼,달바,4.53,100ml ," 46,000원",스킨케어,31,복합성,여,5.0,True
49,화이트 트러플 프리미엄 인텐시브 세럼,달바,4.53,100ml ," 46,000원",스킨케어,24,민감성,여,5.0,True
52,화이트 트러플 프리미엄 인텐시브 세럼,달바,4.53,100ml ," 46,000원",스킨케어,36,복합성,여,5.0,True
53,화이트 트러플 프리미엄 인텐시브 세럼,달바,4.53,100ml ," 46,000원",스킨케어,29,건성,여,5.0,True
54,굳세라 수퍼 세라마이드 미스트,홀리카홀리카,4.32,120ml ," 15,000원",스킨케어,31,복합성,여,5.0,True
55,굳세라 수퍼 세라마이드 미스트,홀리카홀리카,4.32,120ml ," 15,000원",스킨케어,32,건성,여,5.0,True
56,미스 플라워 앤 미스터 허니 프로폴리스 리쥬비네이팅 앰플 미스트,바닐라코,4.44,99ml ," 25,000원",스킨케어,16,복합성,여,4.0,True
57,미스 플라워 앤 미스터 허니 프로폴리스 리쥬비네이팅 앰플 미스트,바닐라코,4.44,99ml ," 25,000원",스킨케어,27,건성,여,5.0,True
59,아쿠아 피토플렉스 크림 인 토너 미스트,아이레시피,4.58,60ml ," 15,000원",스킨케어,33,복합성,여,5.0,True
60,아쿠아 피토플렉스 크림 인 토너 미스트,아이레시피,4.58,60ml ," 15,000원",스킨케어,40,건성,여,5.0,True
61,아쿠아 피토플렉스 크림 인 토너 미스트,아이레시피,4.58,60ml ," 15,000원",스킨케어,26,건성,여,5.0,True
62,아쿠아 피토플렉스 크림 인 토너 미스트,아이레시피,4.58,60ml ," 15,000원",스킨케어,36,복합성,여,5.0,True
63,아쿠아 피토플렉스 크림 인 토너 미스트,아이레시피,4.58,60ml ," 15,000원",스킨케어,46,복합성,여,5.0,True
64,아쿠아 피토플렉스 크림 인 토너 미스트,아이레시피,4.58,60ml ," 15,000원",스킨케어,26,건성,여,5.0,True
65,아쿠아 피토플렉스 크림 인 토너 미스트,아이레시피,4.58,60ml ," 15,000원",스킨케어,35,복합성,여,5.0,True
67,크림 스킨 미스트,라네즈,4.25,120ml ," 25,000원",스킨케어,30,건성,여,5.0,True
68,화이트 트러플 바이탈 스프레이 세럼,달바,4.29,100ml ," 29,000원",스킨케어,33,복합성,여,4.0,True
69,화이트 트러플 바이탈 스프레이 세럼,달바,4.29,100ml ," 29,000원",스킨케어,26,민감성,여,5.0,True
70,화이트 트러플 바이탈 스프레이 세럼,달바,4.29,100ml ," 29,000원",스킨케어,26,민감성,여,4.0,True
71,화이트 트러플 퍼스트 스프레이 세럼,달바,4.15,100ml ," 29,000원",스킨케어,22,복합성,여,5.0,True
72,화이트 트러플 퍼스트 스프레이 세럼,달바,4.15,100ml ," 29,000원",스킨케어,35,복합성,여,4.0,True
73,화이트 트러플 퍼스트 스프레이 세럼,달바,4.15,100ml ," 29,000원",스킨케어,32,복합성,여,5.0,True
74,화이트 트러플 퍼스트 스프레이 세럼,달바,4.15,100ml ," 29,000원",스킨케어,24,중성,여,5.0,True
75,안티더스트 배리어 미스트,레드투래드,4.23,55ml ," 13,900원",스킨케어,29,복합성,여,4.0,True
76,윌 프로디쥬스 멀티 플로럴 오일,눅스,4.51,100ml ," 49,000원",스킨케어,36,복합성,여,4.0,True
77,윌 프로디쥬스 멀티 플로럴 오일,눅스,4.51,100ml ," 49,000원",스킨케어,25,건성,여,4.0,True
78,윌 프로디쥬스 멀티 플로럴 오일,눅스,4.51,100ml ," 49,000원",스킨케어,29,민감성,여,5.0,True
79,윌 프로디쥬스 멀티 플로럴 오일,눅스,4.51,100ml ," 49,000원",스킨케어,32,복합성,여,4.0,True
82,100% 퓨어 호호바 오일,데저트에센스,4.45,118ml ," 26,900원",스킨케어,23,복합성,여,4.0,True
83,100% 퓨어 호호바 오일,데저트에센스,4.45,118ml ," 26,900원",스킨케어,37,복합성,여,5.0,True
85,100% 퓨어 호호바 오일,데저트에센스,4.45,118ml ," 26,900원",스킨케어,17,민감성,여,4.0,True
87,호호바 오일,티르티르,4.44,30ml ," 20,000원",스킨케어,28,건성,여,5.0,True
88,더 블랙티 런던 클래식 오일,토니모리,4.37,30ml ," 30,000원",스킨케어,23,복합성,여,4.0,True
89,100% 퓨어 유기농 호호바 오일,나우푸드,4.28,118ml ," 14,000원",스킨케어,25,중성,여,5.0,True
90,프리미엄 호호바 오일,시드물,4.31,100ml ," 16,300원",스킨케어,37,복합성,여,5.0,True
91,티트리 100 오일,에센허브,4.26,10ml , 20ml ,스킨케어,34,지성,여,5.0,True
92,스킨 이센셜즈 배리어 리페어 페이스 오일,로벡틴,4.2,30ml ," 39,000원",스킨케어,38,복합성,여,5.0,True
93,아쿠아수르스 매직 젤 오일,비오템,4.22,50ml ," 68,000원",스킨케어,45,건성,여,5.0,True
94,달빛유자 페이스 오일,한율,4.12,30ml ," 38,000원",스킨케어,27,복합성,여,5.0,True
96,블랙 쿠션 [SPF34/PA++],헤라,4.27,15g*2 ," 60,000원",페이스메이크업,24,지성,여,5.0,True
97,블랙 쿠션 [SPF34/PA++],헤라,4.27,15g*2 ," 60,000원",페이스메이크업,25,복합성,여,5.0,True
98,블랙 쿠션 [SPF34/PA++],헤라,4.27,15g*2 ," 60,000원",페이스메이크업,24,복합성,여,5.0,True
99,디자이너 리프트 파운데이션,조르지오아르마니,4.41,30ml ," 89,000원",페이스메이크업,31,건성,여,5.0,True
101,블랙 파운데이션 [SPF15/PA+],헤라,4.12,35ml ," 60,000원",페이스메이크업,35,건성,여,5.0,True
102,울트라 HD 파우더,메이크업포에버,4.55,8.5g ," 54,000원",페이스메이크업,31,복합성,여,5.0,True
103,울트라 HD 파우더,메이크업포에버,4.55,8.5g ," 54,000원",페이스메이크업,31,건성,여,5.0,True
104,울트라 HD 프레스드 파우더,메이크업포에버,4.54,6.2g ," 54,000원",페이스메이크업,25,건성,여,5.0,True
105,울트라 HD 프레스드 파우더,메이크업포에버,4.54,6.2g ," 54,000원",페이스메이크업,26,민감성,여,4.0,True
106,울트라 HD 프레스드 파우더,메이크업포에버,4.54,6.2g ," 54,000원",페이스메이크업,23,복합성,여,5.0,True
107,라스트 세범 팩트,삐아,4.45,7g ," 11,000원",페이스메이크업,16,건성,여,4.0,True
109,매치 퍼펙션 실키 루즈 페이스 파우더,림멜,4.44,10g ," 17,000원",페이스메이크업,22,복합성,여,4.0,True
110,포어 블러 파우더,이니스프리,4.39,11g ," 15,000원",페이스메이크업,32,건성,여,5.0,True
111,에어 핏 파우더 팩트,이글립스,4.39,8g ," 8,500원",페이스메이크업,25,건성,여,5.0,True
112,에어 핏 파우더 팩트,이글립스,4.39,8g ," 8,500원",페이스메이크업,30,지성,여,5.0,True
113,블러 파우더 팩트,어바웃톤,4.39,9g ," 10,000원",페이스메이크업,23,복합성,여,5.0,True
114,블러 파우더 팩트,어바웃톤,4.39,9g ," 10,000원",페이스메이크업,30,지성,여,5.0,True
115,블러 파우더 팩트,어바웃톤,4.39,9g ," 10,000원",페이스메이크업,25,건성,여,5.0,True
116,프라임 프라이머 피니시 파우더,바닐라코,4.34,12g ," 22,000원",페이스메이크업,27,중성,여,4.0,True
117,미네랄 피니싱 파우더,로라메르시에,4.41,12g ," 49,000원",페이스메이크업,31,복합성,여,5.0,True
118,루스 세팅 파우더,로라메르시에,4.32,29g ," 56,000원",페이스메이크업,32,중성,여,5.0,True
119,피치뽀송 멀티 피니시 파우더,스킨푸드,4.29,5g ," 6,500원",페이스메이크업,31,건성,여,5.0,True
120,피치뽀송 멀티 피니시 파우더,스킨푸드,4.29,5g ," 6,500원",페이스메이크업,27,복합성,여,5.0,True
121,피치뽀송 멀티 피니시 파우더,스킨푸드,4.29,5g ," 6,500원",페이스메이크업,20,지성,여,5.0,True
122,노세범 미네랄 파우더,이니스프리,4.33,5g ," 7,000원",페이스메이크업,24,지성,여,5.0,True
123,노세범 미네랄 파우더,이니스프리,4.33,5g ," 7,000원",페이스메이크업,21,복합성,여,5.0,True
124,노세범 미네랄 파우더,이니스프리,4.33,5g ," 7,000원",페이스메이크업,24,복합성,여,5.0,True
125,노세범 미네랄 파우더,이니스프리,4.33,5g ," 7,000원",페이스메이크업,32,건성,여,5.0,True
126,노세범 미네랄 파우더,이니스프리,4.33,5g ," 7,000원",페이스메이크업,31,복합성,여,4.0,True
127,노세범 미네랄 파우더,이니스프리,4.33,5g ," 7,000원",페이스메이크업,26,민감성,여,4.0,True
128,노세범 미네랄 파우더,이니스프리,4.33,5g ," 7,000원",페이스메이크업,26,민감성,여,5.0,True
129,노세범 미네랄 파우더,이니스프리,4.33,5g ," 7,000원",페이스메이크업,23,민감성,여,5.0,True
130,노세범 미네랄 파우더,이니스프리,4.33,5g ," 7,000원",페이스메이크업,22,지성,여,5.0,True
131,노세범 미네랄 파우더,이니스프리,4.33,5g ," 7,000원",페이스메이크업,20,지성,여,5.0,True
132,미네랄 100 HD 파우더,어퓨,4.26,5.5g ," 7,000원",페이스메이크업,28,복합성,여,4.0,True
133,샘물 퍼펙트 포어 팩트,더샘,4.23,12g ," 8,000원",페이스메이크업,21,복합성,여,5.0,True
134,닥터트럽 피지제로 센텔라파우더,시드물,4.27,5g ," 12,800원",페이스메이크업,36,지성,여,5.0,True
135,뿌숭뿌숭 파우더 팩트,미팩토리,4.3,9g ," 7,800원",페이스메이크업,16,건성,여,4.0,True
136,롱래스팅 팁 컨실러 [SPF34/PA++],루나,4.46,7g ," 15,000원",페이스메이크업,31,복합성,여,5.0,True
137,롱래스팅 팁 컨실러 [SPF34/PA++],루나,4.46,7g ," 15,000원",페이스메이크업,15,건성,여,4.0,True
138,롱래스팅 팁 컨실러 [SPF34/PA++],루나,4.46,7g ," 15,000원",페이스메이크업,28,중성,여,5.0,True
139,롱래스팅 팁 컨실러 [SPF34/PA++],루나,4.46,7g ," 15,000원",페이스메이크업,32,복합성,여,5.0,True
140,롱래스팅 팁 컨실러 [SPF34/PA++],루나,4.46,7g ," 15,000원",페이스메이크업,27,민감성,여,4.0,True
141,롱래스팅 팁 컨실러 [SPF34/PA++],루나,4.46,7g ," 15,000원",페이스메이크업,16,건성,여,4.0,True
142,롱래스팅 팁 컨실러 [SPF34/PA++],루나,4.46,7g ," 15,000원",페이스메이크업,23,민감성,여,4.0,True
143,롱래스팅 팁 컨실러 [SPF34/PA++],루나,4.46,7g ," 15,000원",페이스메이크업,34,지성,여,4.0,True
144,롱래스팅 팁 컨실러 [SPF34/PA++],루나,4.46,7g ," 15,000원",페이스메이크업,23,복합성,여,5.0,True
145,롱래스팅 팁 컨실러 [SPF34/PA++],루나,4.46,7g ," 15,000원",페이스메이크업,21,민감성,여,5.0,True
146,롱래스팅 팁 컨실러 [SPF34/PA++],루나,4.46,7g ," 15,000원",페이스메이크업,26,지성,여,5.0,True
147,롱래스팅 팁 컨실러 [SPF34/PA++],루나,4.46,7g ," 15,000원",페이스메이크업,22,중성,여,4.0,True
148,롱래스팅 팁 컨실러 [SPF34/PA++],루나,4.46,7g ," 15,000원",페이스메이크업,30,민감성,여,5.0,True
149,래디언트 크리미 컨실러,나스,4.27,6ml ," 40,000원",페이스메이크업,19,건성,여,4.0,True
150,커버 퍼펙션 픽실러 [SPF30/PA++],더샘,4.26,6.5g ," 6,000원",페이스메이크업,24,민감성,여,5.0,True
151,커버 퍼펙션 픽실러 [SPF30/PA++],더샘,4.26,6.5g ," 6,000원",페이스메이크업,25,민감성,여,4.0,True
152,더블 롱웨어 커버 컨실러,페리페라,4.16,5.5g ," 6,000원",페이스메이크업,17,건성,여,5.0,True
156,디파이닝 커버 컨실러,웨이크메이크,4.15,9g ," 15,000원",페이스메이크업,29,복합성,여,4.0,True
157,디파이닝 커버 컨실러,웨이크메이크,4.15,9g ," 15,000원",페이스메이크업,31,복합성,여,5.0,True
158,풀 커버,메이크업포에버,4.11,15ml ," 42,000원",페이스메이크업,30,민감성,여,5.0,True
159,하드커버 리퀴드 컨실러 [SPF30/PA++],홀리카홀리카,4.08,7g ," 11,000원",페이스메이크업,25,민감성,여,5.0,True
160,마이 컨실러 [다크서클 커버],이니스프리,3.99,7g ," 10,000원",페이스메이크업,16,복합성,여,5.0,True
161,마이 컨실러 [다크서클 커버],이니스프리,3.99,7g ," 10,000원",페이스메이크업,30,건성,여,4.0,True
162,르 크레용 컨실러 펜슬,파리 베를린,4.01,1.5g ," 13,000원",페이스메이크업,29,건성,여,5.0,True
163,캐머플라지 크림 컨실러,캐트리스,4.05,3g ," 6,500원",페이스메이크업,24,복합성,여,4.0,True
164,워터 메이크업 베이스 [SPF50+/PA++++],3CE,4.41,45ml ," 25,000원",페이스메이크업,71,복합성,여,5.0,True
165,피치 스킨 피팅 베이스 [SPF41/PA++++],에스쁘아,4.13,30ml ," 28,000원",페이스메이크업,25,건성,여,5.0,True
166,피치 스킨 피팅 베이스 [SPF41/PA++++],에스쁘아,4.13,30ml ," 28,000원",페이스메이크업,27,민감성,여,4.0,True
167,피치 스킨 피팅 베이스 [SPF41/PA++++],에스쁘아,4.13,30ml ," 28,000원",페이스메이크업,22,건성,여,5.0,True
168,피치 스킨 피팅 베이스 [SPF41/PA++++],에스쁘아,4.13,30ml ," 28,000원",페이스메이크업,35,민감성,여,4.0,True
169,피치 스킨 피팅 베이스 [SPF41/PA++++],에스쁘아,4.13,30ml ," 28,000원",페이스메이크업,29,민감성,여,4.0,True
170,글로우 스킨밤,미샤,3.99,50ml ," 18,000원",페이스메이크업,26,민감성,여,4.0,True
171,밀착 톤데이션 [SPF50+/PA+++],지베르니,3.93,30ml ," 25,000원",페이스메이크업,32,복합성,여,4.0,True
172,더 포어페셔널,베네피트,3.89,22ml ," 46,000원",페이스메이크업,25,지성,여,5.0,True
175,더 포어페셔널,베네피트,3.89,22ml ," 46,000원",페이스메이크업,33,복합성,여,5.0,True
176,아쿠아 블레미쉬 커버 밤,피몽쉐,4.23,50ml ," 65,000원",페이스메이크업,26,건성,여,4.0,True
177,아쿠아 블레미쉬 커버 밤,피몽쉐,4.23,50ml ," 65,000원",페이스메이크업,24,복합성,여,4.0,True
178,아쿠아 블레미쉬 커버 밤,피몽쉐,4.23,50ml ," 65,000원",페이스메이크업,33,복합성,여,4.0,True
179,아쿠아 블레미쉬 커버 밤,피몽쉐,4.23,50ml ," 65,000원",페이스메이크업,34,민감성,여,4.0,True
180,결 고운 비비크림 [SPF46/PA++],토니모리,4.09,50g ," 28,000원",페이스메이크업,35,복합성,여,4.0,True
181,BB 크림 [SPF20],에르보리앙,4.1,45ml ," 40,000원",페이스메이크업,26,복합성,여,5.0,True
182,BB 크림 [SPF20],에르보리앙,4.1,45ml ," 40,000원",페이스메이크업,31,복합성,여,4.0,True
183,더메이크업 디스어포어 뷰티 밤 [SPF30/PA++],닥터자르트,4.16,50ml ," 32,000원",페이스메이크업,36,민감성,여,5.0,True
184,더메이크업 디스어포어 뷰티 밤 [SPF30/PA++],닥터자르트,4.16,50ml ," 32,000원",페이스메이크업,26,복합성,여,5.0,True
185,M 초보양 비비 크림 [SPF30/PA++],미샤,3.98,50ml ," 27,000원",페이스메이크업,21,복합성,여,5.0,True
186,M 초보양 비비 크림 [SPF30/PA++],미샤,3.98,50ml ," 27,000원",페이스메이크업,29,건성,여,4.0,True
189,이온칼슘 미네랄 비비크림 [SPF50+/PA+++],미바,3.89,50ml ," 30,000원",페이스메이크업,36,건성,여,4.0,True
191,이온칼슘 미네랄 비비크림 [SPF50+/PA+++],미바,3.89,50ml ," 30,000원",페이스메이크업,24,건성,여,4.0,True
192,일루미네이팅 서플 블레미쉬 크림 [SPF40/PA++],디어클레어스,3.78,40ml ," 15,900원",페이스메이크업,27,중성,여,4.0,True
194,스킨 블레미쉬 밤,셀퓨전씨,3.82,50ml ," 66,000원",페이스메이크업,25,중성,여,4.0,True
195,M 퍼펙트 커버 비비크림 RX [SPF42/PA+++],미샤,3.77,50ml ," 18,000원",페이스메이크업,34,복합성,여,4.0,True
198,데이롱 BB크림 [SPF37/PA++],레노덤,4.67,15g ," 38,000원",페이스메이크업,34,건성,여,5.0,True
199,잇 래디언트 씨씨 커버 [SPF30/PA++],바닐라코,3.82,30ml ," 25,000원",페이스메이크업,25,복합성,여,4.0,True
202,잇 래디언트 씨씨 커버 [SPF30/PA++],바닐라코,3.82,30ml ," 25,000원",페이스메이크업,20,민감성,여,5.0,True
203,잇 래디언트 씨씨 커버 [SPF30/PA++],바닐라코,3.82,30ml ," 25,000원",페이스메이크업,22,건성,여,5.0,True
204,잇 래디언트 씨씨 커버 [SPF30/PA++],바닐라코,3.82,30ml ," 25,000원",페이스메이크업,31,복합성,여,5.0,True
205,잇 래디언트 씨씨 커버 [SPF30/PA++],바닐라코,3.82,30ml ," 25,000원",페이스메이크업,33,복합성,여,5.0,True
206,잇 래디언트 씨씨 커버 [SPF30/PA++],바닐라코,3.82,30ml ," 25,000원",페이스메이크업,34,복합성,여,4.0,True
207,CC 레드 코렉트,에르보리앙,4.04,15ml ," 20,000원",페이스메이크업,32,건성,여,5.0,True
208,CC 레드 코렉트,에르보리앙,4.04,15ml ," 20,000원",페이스메이크업,33,건성,여,5.0,True
209,CC 레드 코렉트,에르보리앙,4.04,15ml ," 20,000원",페이스메이크업,39,건성,여,4.0,True
210,CC 레드 코렉트,에르보리앙,4.04,15ml ," 20,000원",페이스메이크업,32,지성,여,5.0,True
211,CC 레드 코렉트,에르보리앙,4.04,15ml ," 20,000원",페이스메이크업,27,복합성,여,5.0,True
212,CC 레드 코렉트,에르보리앙,4.04,15ml ," 20,000원",페이스메이크업,25,지성,여,5.0,True
213,애트모스피어 CC 크림 [SPF50/PA+++],에스케이투,4.08,30g ," 87,000원",페이스메이크업,45,복합성,여,5.0,True
217,CC 크림 [SPF50/PA+++],샤넬,3.61,30ml ," 78,000원",페이스메이크업,53,건성,여,5.0,True
218,CC 크림 [SPF50/PA+++],샤넬,3.61,30ml ," 78,000원",페이스메이크업,30,민감성,여,4.0,True
219,CC 크림 [SPF50/PA+++],샤넬,3.61,30ml ," 78,000원",페이스메이크업,24,복합성,여,4.0,True
222,렝뗑뽀렐 블라썸 프레시 페이스 컴팩트 크림(멀티 핑크 톤업 CC) [SPF15/PA+],지방시 뷰티,3.9,12g ," 77,000원",페이스메이크업,21,복합성,여,5.0,True
224,컴플리트 에센셜 씨씨크림 [SPF50+/PA++++],힐루시,4.75,35ml ," 30,000원",페이스메이크업,22,건성,여,4.0,True
225,컴플리트 에센셜 씨씨크림 [SPF50+/PA++++],힐루시,4.75,35ml ," 30,000원",페이스메이크업,21,복합성,여,5.0,True
226,컴플리트 에센셜 씨씨크림 [SPF50+/PA++++],힐루시,4.75,35ml ," 30,000원",페이스메이크업,27,건성,여,5.0,True
227,컴플리트 에센셜 씨씨크림 [SPF50+/PA++++],힐루시,4.75,35ml ," 30,000원",페이스메이크업,24,지성,여,5.0,True
228,CC크림 [SPF37/PA++],아를린,4.6,30ml ," 39,000원",페이스메이크업,31,지성,여,5.0,True
230,탑 시크릿 CC크림 컬러 코렉터,입생로랑 뷰티,4.0,40ml ," 73,000원",페이스메이크업,47,건성,여,5.0,True
231,올 나이터 메이크업 세팅 스프레이,어반디케이,4.16,118ml ," 39,000원",페이스메이크업,25,중성,여,4.0,True
233,올 나이터 메이크업 세팅 스프레이,어반디케이,4.16,118ml ," 39,000원",페이스메이크업,28,중성,여,4.0,True
234,올 나이터 메이크업 세팅 스프레이,어반디케이,4.16,118ml ," 39,000원",페이스메이크업,31,건성,여,5.0,True
235,올 나이터 메이크업 세팅 스프레이,어반디케이,4.16,118ml ," 39,000원",페이스메이크업,24,복합성,여,4.0,True
236,올 나이터 메이크업 세팅 스프레이,어반디케이,4.16,118ml ," 39,000원",페이스메이크업,34,복합성,여,4.0,True
237,올 나이터 메이크업 세팅 스프레이,어반디케이,4.16,118ml ," 39,000원",페이스메이크업,25,지성,여,5.0,True
238,올 나이터 메이크업 세팅 스프레이,어반디케이,4.16,118ml ," 39,000원",페이스메이크업,34,복합성,여,4.0,True
239,올 나이터 메이크업 세팅 스프레이,어반디케이,4.16,118ml ," 39,000원",페이스메이크업,26,건성,여,4.0,True
240,올 나이터 메이크업 세팅 스프레이,어반디케이,4.16,118ml ," 39,000원",페이스메이크업,25,지성,여,5.0,True
241,올 나이터 메이크업 세팅 스프레이,어반디케이,4.16,118ml ," 39,000원",페이스메이크업,34,복합성,여,5.0,True
242,올 나이터 메이크업 세팅 스프레이,어반디케이,4.16,118ml ," 39,000원",페이스메이크업,31,지성,여,5.0,True
243,올 나이터 메이크업 세팅 스프레이,어반디케이,4.16,118ml ," 39,000원",페이스메이크업,25,복합성,여,4.0,True
245,올 나이터 메이크업 세팅 스프레이,어반디케이,4.16,118ml ," 39,000원",페이스메이크업,23,복합성,여,4.0,True
246,올 나이터 메이크업 세팅 스프레이,어반디케이,4.16,118ml ," 39,000원",페이스메이크업,41,건성,여,5.0,True
247,올 나이터 메이크업 세팅 스프레이,어반디케이,4.16,118ml ," 39,000원",페이스메이크업,32,복합성,여,5.0,True
249,리얼 매트 메이크업 세팅 픽서,쏘내추럴,4.06,75ml ," 19,000원",페이스메이크업,33,복합성,여,5.0,True
250,리얼 매트 메이크업 세팅 픽서,쏘내추럴,4.06,75ml ," 19,000원",페이스메이크업,28,복합성,여,5.0,True
251,올데이 타이트 메이크업 세팅 픽서,쏘내추럴,3.92,75ml ," 18,000원",페이스메이크업,32,복합성,여,5.0,True
252,올데이 타이트 메이크업 세팅 픽서,쏘내추럴,3.92,75ml ," 18,000원",페이스메이크업,24,복합성,여,5.0,True
253,올데이 타이트 메이크업 세팅 픽서,쏘내추럴,3.92,75ml ," 18,000원",페이스메이크업,27,중성,여,4.0,True
254,올데이 타이트 메이크업 세팅 픽서,쏘내추럴,3.92,75ml ," 18,000원",페이스메이크업,21,복합성,여,4.0,True
255,올데이 타이트 메이크업 세팅 픽서,쏘내추럴,3.92,75ml ," 18,000원",페이스메이크업,28,복합성,여,4.0,True
256,올데이 타이트 메이크업 세팅 픽서,쏘내추럴,3.92,75ml ," 18,000원",페이스메이크업,26,민감성,여,4.0,True
257,올데이 타이트 메이크업 세팅 픽서,쏘내추럴,3.92,75ml ," 18,000원",페이스메이크업,31,복합성,여,4.0,True
259,메이크업 픽서,헤라,3.91,110ml ," 32,000원",페이스메이크업,30,건성,여,5.0,True
260,메이크업 픽서,헤라,3.91,110ml ," 32,000원",페이스메이크업,41,복합성,여,4.0,True
261,메이크업 픽서,헤라,3.91,110ml ," 32,000원",페이스메이크업,27,복합성,여,4.0,True
265,울트라 세팅 진짜 픽서,자트인사이트,3.74,50ml ," 17,000원",페이스메이크업,26,민감성,여,4.0,True
266,울트라 세팅 진짜 픽서,자트인사이트,3.74,50ml ," 17,000원",페이스메이크업,41,복합성,여,4.0,True
267,울트라 세팅 진짜 픽서,자트인사이트,3.74,50ml ," 17,000원",페이스메이크업,22,지성,여,5.0,True
269,미스트 앤 픽스,메이크업포에버,3.7,100ml ," 39,000원",페이스메이크업,32,건성,여,5.0,True
272,탑 시크릿 메이크업 세팅 스프레이,입생로랑 뷰티,4.19,100ml ," 60,000원",페이스메이크업,30,지성,여,4.0,True
273,올나이트 울트라 글로우 픽서,어반디케이,4.65,118ml ," 39,000원",페이스메이크업,32,복합성,여,4.0,True
274,롱래스팅 세팅 픽서,루나,4.5,100ml ," 18,000원",페이스메이크업,27,건성,여,5.0,True
275,피니쉬 세팅 픽서,투쿨포스쿨,3.73,80ml ," 16,000원",페이스메이크업,26,지성,여,4.0,True
277,노웨어 샤인,에스쁘아,4.5,4.5g ," 22,000원",립메이크업,22,지성,여,4.0,True
278,루쥬 볼립떼 쉬머 샤인,입생로랑 뷰티,4.51,3.2g ," 46,000원",립메이크업,32,복합성,여,4.0,True
280,루쥬 볼립떼 쉬머 샤인,입생로랑 뷰티,4.51,3.2g ," 46,000원",립메이크업,25,복합성,여,4.0,True
281,루쥬 볼립떼 쉬머 샤인,입생로랑 뷰티,4.51,3.2g ," 46,000원",립메이크업,29,건성,여,4.0,True
282,잉크 무드 매트 스틱,페리페라,4.48,3g ," 12,000원",립메이크업,25,민감성,여,5.0,True
283,잉크 무드 매트 스틱,페리페라,4.48,3g ," 12,000원",립메이크업,27,복합성,여,4.0,True
284,잉크 무드 매트 스틱,페리페라,4.48,3g ," 12,000원",립메이크업,22,지성,여,4.0,True
285,잉크 무드 매트 스틱,페리페라,4.48,3g ," 12,000원",립메이크업,26,건성,여,5.0,True
286,루쥬 코코 플래쉬,샤넬,4.41,3g ," 47,000원",립메이크업,24,복합성,여,5.0,True
287,럭스 샤인 인텐스 립스틱,바비브라운,4.43,3.4g ," 43,000원",립메이크업,29,복합성,여,5.0,True
288,새틴 립스틱,맥,4.38,3g ," 31,000원",립메이크업,35,민감성,여,5.0,True
289,립 틴트,오페라,4.27,3.9g ," 19,000원",립메이크업,26,복합성,여,5.0,True
290,립 틴트,오페라,4.27,3.9g ," 19,000원",립메이크업,31,복합성,여,4.0,True
291,매드 매트 립,클리오,4.3,4.5g ," 16,000원",립메이크업,29,건성,여,4.0,True
292,픽싱 틴트,에뛰드,4.36,4g ," 12,000원",립메이크업,24,건성,여,5.0,True
293,픽싱 틴트,에뛰드,4.36,4g ," 12,000원",립메이크업,27,건성,여,4.0,True
295,픽싱 틴트,에뛰드,4.36,4g ," 12,000원",립메이크업,31,민감성,여,5.0,True
296,픽싱 틴트,에뛰드,4.36,4g ," 12,000원",립메이크업,31,건성,여,5.0,True
298,(한복 프로젝트) 글래스팅 워터 틴트,롬앤,4.39,4g ," 13,000원",립메이크업,22,건성,여,4.0,True
299,듀 틴트,어뮤즈,4.38,4g ," 20,000원",립메이크업,23,건성,여,5.0,True
300,듀 틴트,어뮤즈,4.38,4g ," 20,000원",립메이크업,28,지성,여,4.0,True
301,듀 틴트,어뮤즈,4.38,4g ," 20,000원",립메이크업,37,복합성,여,4.0,True
302,(누디 브루 컬렉션) 잉크 더 벨벳,페리페라,4.37,4g ," 9,000원",립메이크업,23,중성,여,4.0,True
303,센슈얼 스파이시 누드 글로스,헤라,4.27,5g ," 35,000원",립메이크업,37,복합성,여,4.0,True
304,벨벳 펜슬,부르조아,4.41,3g ," 23,000원",립메이크업,31,민감성,여,5.0,True
305,벨벳 펜슬,부르조아,4.41,3g ," 23,000원",립메이크업,30,민감성,여,4.0,True
306,벨벳 펜슬,부르조아,4.41,3g ," 23,000원",립메이크업,28,복합성,여,4.0,True
307,벨벳 펜슬,부르조아,4.41,3g ," 23,000원",립메이크업,25,건성,여,5.0,True
308,새틴 립 펜슬,나스,4.17,2.2g ," 37,000원",립메이크업,28,복합성,여,4.0,True
310,벨벳 매트 립 펜슬,나스,4.17,2.4g ," 37,000원",립메이크업,36,민감성,여,4.0,True
311,벨벳 매트 립 펜슬,나스,4.17,2.4g ," 37,000원",립메이크업,31,복합성,여,5.0,True
313,벨벳 매트 립 펜슬,나스,4.17,2.4g ," 37,000원",립메이크업,24,건성,여,4.0,True
314,벨벳 매트 립 펜슬,나스,4.17,2.4g ," 37,000원",립메이크업,28,중성,여,4.0,True
315,벨벳 매트 립 펜슬,나스,4.17,2.4g ," 37,000원",립메이크업,35,복합성,여,5.0,True
318,벨벳 매트 립 펜슬,나스,4.17,2.4g ," 37,000원",립메이크업,37,건성,여,5.0,True
319,벨벳 매트 립 펜슬,나스,4.17,2.4g ," 37,000원",립메이크업,33,복합성,여,5.0,True
320,아티스트 립 블러쉬,메이크업포에버,4.26,2.5g ," 34,000원",립메이크업,34,중성,여,4.0,True
321,크리미틴트 컬러밤 쉬폰,마몽드,4.15,2.5g ," 14,000원",립메이크업,25,건성,여,5.0,True
323,크리미틴트 컬러밤 쉬폰,마몽드,4.15,2.5g ," 14,000원",립메이크업,22,복합성,여,4.0,True
324,크리미틴트 컬러밤 쉬폰,마몽드,4.15,2.5g ," 14,000원",립메이크업,32,중성,여,5.0,True
325,크리미틴트 컬러밤 쉬폰,마몽드,4.15,2.5g ," 14,000원",립메이크업,26,민감성,여,4.0,True
326,크리미틴트 컬러밤 쉬폰,마몽드,4.15,2.5g ," 14,000원",립메이크업,23,건성,여,5.0,True
328,크리미틴트 컬러밤 쉬폰,마몽드,4.15,2.5g ," 14,000원",립메이크업,20,복합성,여,5.0,True
329,크리미틴트 컬러밤 쉬폰,마몽드,4.15,2.5g ," 14,000원",립메이크업,21,건성,여,4.0,True
330,크리미틴트 컬러밤 쉬폰,마몽드,4.15,2.5g ," 14,000원",립메이크업,23,건성,여,4.0,True
332,크리미 틴트 컬러밤 글라이드,마몽드,4.07,1.2g ," 12,000원",립메이크업,24,복합성,여,5.0,True
333,크리미 틴트 컬러밤 글라이드,마몽드,4.07,1.2g ," 12,000원",립메이크업,35,민감성,여,5.0,True
334,플랫 벨벳 스틱,더페이스샵,3.99,1.4g ," 9,000원",립메이크업,20,건성,여,5.0,True
335,소프트 터치 오토 립 라이너,에뛰드,3.96,0.2 g ," 2,000원",립메이크업,22,복합성,여,4.0,True
336,소프트 터치 오토 립 라이너,에뛰드,3.96,0.2 g ," 2,000원",립메이크업,23,건성,여,4.0,True
337,실키 래스팅 립 펜슬,미샤,3.69,0.25g ," 3,800원",립메이크업,27,복합성,여,5.0,True
338,글래스팅 워터 글로스,롬앤,4.37,4.5g ," 13,000원",립메이크업,26,민감성,여,5.0,True
339,글래스팅 워터 글로스,롬앤,4.37,4.5g ," 13,000원",립메이크업,22,건성,여,5.0,True
340,글래스팅 워터 글로스,롬앤,4.37,4.5g ," 13,000원",립메이크업,26,복합성,여,5.0,True
341,글래스팅 워터 글로스,롬앤,4.37,4.5g ," 13,000원",립메이크업,31,복합성,여,4.0,True
342,글래스팅 워터 글로스,롬앤,4.37,4.5g ," 13,000원",립메이크업,24,복합성,여,4.0,True
343,글래스팅 워터 글로스,롬앤,4.37,4.5g ," 13,000원",립메이크업,32,복합성,여,5.0,True
344,글래스팅 워터 글로스,롬앤,4.37,4.5g ," 13,000원",립메이크업,26,지성,여,5.0,True
345,글래스팅 워터 글로스,롬앤,4.37,4.5g ," 13,000원",립메이크업,24,민감성,여,5.0,True
346,글래스팅 워터 글로스,롬앤,4.37,4.5g ," 13,000원",립메이크업,27,민감성,여,5.0,True
347,글래스팅 워터 글로스,롬앤,4.37,4.5g ," 13,000원",립메이크업,20,지성,여,5.0,True
348,글래스팅 워터 글로스,롬앤,4.37,4.5g ," 13,000원",립메이크업,19,복합성,여,5.0,True
349,글래스팅 워터 글로스,롬앤,4.37,4.5g ," 13,000원",립메이크업,27,중성,여,5.0,True
351,립 글로스,나스,4.15,8g ," 36,000원",립메이크업,28,건성,여,4.0,True
352,립매터,롬앤,4.12,8g ," 11,000원",립메이크업,26,건성,여,5.0,True
353,립매터,롬앤,4.12,8g ," 11,000원",립메이크업,26,민감성,여,4.0,True
354,젤리 립 플럼퍼 틴트,키핀터치,4.06,3.5g ," 20,000원",립메이크업,24,건성,여,5.0,True
355,젤리 립 플럼퍼 틴트,키핀터치,4.06,3.5g ," 20,000원",립메이크업,41,건성,여,4.0,True
356,젤리 립 플럼퍼 틴트,키핀터치,4.06,3.5g ," 20,000원",립메이크업,21,지성,여,5.0,True
359,어딕트 립 맥시마이저,디올,3.98,6ml ," 45,000원",립메이크업,23,복합성,여,5.0,True
360,어딕트 립 맥시마이저,디올,3.98,6ml ," 45,000원",립메이크업,28,복합성,여,5.0,True
361,어딕트 립 맥시마이저,디올,3.98,6ml ," 45,000원",립메이크업,28,건성,여,5.0,True
363,립 인젝션 파워 플럼핑 립 글로스,투페이스드,4.64,6.5ml ," 30,000원",립메이크업,22,민감성,여,4.0,True
364,립 인젝션 파워 플럼핑 립 글로스,투페이스드,4.64,6.5ml ," 30,000원",립메이크업,23,복합성,여,5.0,True
365,립 인젝션 파워 플럼핑 립 글로스,투페이스드,4.64,6.5ml ," 30,000원",립메이크업,20,지성,여,5.0,True
366,립 인젝션 파워 플럼핑 립 글로스,투페이스드,4.64,6.5ml ," 30,000원",립메이크업,41,건성,여,5.0,True
367,립 인젝션 파워 플럼핑 립 글로스,투페이스드,4.64,6.5ml ," 30,000원",립메이크업,36,건성,여,5.0,True
368,립 인젝션 파워 플럼핑 립 글로스,투페이스드,4.64,6.5ml ," 30,000원",립메이크업,30,복합성,여,5.0,True
369,립 인젝션 파워 플럼핑 립 글로스,투페이스드,4.64,6.5ml ," 30,000원",립메이크업,34,복합성,여,5.0,True
370,립 인젝션 파워 플럼핑 립 글로스,투페이스드,4.64,6.5ml ," 30,000원",립메이크업,31,민감성,여,5.0,True
372,프렙+프라임 립,맥,4.33,1.7g ," 29,000원",립메이크업,29,민감성,여,5.0,True
373,프렙+프라임 립,맥,4.33,1.7g ," 29,000원",립메이크업,27,중성,여,4.0,True
374,프렙+프라임 립,맥,4.33,1.7g ," 29,000원",립메이크업,33,복합성,여,5.0,True
375,프렙+프라임 립,맥,4.33,1.7g ," 29,000원",립메이크업,32,건성,여,4.0,True
377,프렙+프라임 립,맥,4.33,1.7g ," 29,000원",립메이크업,34,건성,여,5.0,True
378,프렙+프라임 립,맥,4.33,1.7g ," 29,000원",립메이크업,22,복합성,여,5.0,True
379,프렙+프라임 립,맥,4.33,1.7g ," 29,000원",립메이크업,29,지성,여,5.0,True
380,프렙+프라임 립,맥,4.33,1.7g ," 29,000원",립메이크업,30,지성,여,4.0,True
381,프렙+프라임 립,맥,4.33,1.7g ," 29,000원",립메이크업,41,복합성,여,5.0,True
382,프렙+프라임 립,맥,4.33,1.7g ," 29,000원",립메이크업,43,중성,여,4.0,True
383,프렙+프라임 립,맥,4.33,1.7g ," 29,000원",립메이크업,34,건성,여,5.0,True
384,프렙+프라임 립,맥,4.33,1.7g ," 29,000원",립메이크업,30,민감성,여,4.0,True
386,프렙+프라임 립,맥,4.33,1.7g ," 29,000원",립메이크업,24,복합성,여,4.0,True
387,프렙+프라임 립,맥,4.33,1.7g ," 29,000원",립메이크업,29,지성,여,4.0,True
388,프렙+프라임 립,맥,4.33,1.7g ," 29,000원",립메이크업,35,복합성,여,5.0,True
391,프렙+프라임 립,맥,4.33,1.7g ," 29,000원",립메이크업,25,복합성,여,5.0,True
392,프렙+프라임 립,맥,4.33,1.7g ," 29,000원",립메이크업,26,복합성,여,5.0,True
393,프렙+프라임 립,맥,4.33,1.7g ," 29,000원",립메이크업,36,복합성,여,4.0,True
394,프렙+프라임 립,맥,4.33,1.7g ," 29,000원",립메이크업,34,민감성,여,4.0,True
395,프렙+프라임 립,맥,4.33,1.7g ," 29,000원",립메이크업,34,건성,여,4.0,True
397,프렙+프라임 립,맥,4.33,1.7g ," 29,000원",립메이크업,27,건성,여,5.0,True
398,프렙+프라임 립,맥,4.33,1.7g ," 29,000원",립메이크업,25,복합성,여,4.0,True
399,프렙+프라임 립,맥,4.33,1.7g ," 29,000원",립메이크업,27,건성,여,4.0,True
400,프렙+프라임 립,맥,4.33,1.7g ," 29,000원",립메이크업,31,복합성,여,5.0,True
401,프렙+프라임 립,맥,4.33,1.7g ," 29,000원",립메이크업,31,복합성,여,4.0,True
402,프렙+프라임 립,맥,4.33,1.7g ," 29,000원",립메이크업,39,복합성,여,4.0,True
403,프렙+프라임 립,맥,4.33,1.7g ," 29,000원",립메이크업,19,지성,여,5.0,True
404,프렙+프라임 립,맥,4.33,1.7g ," 29,000원",립메이크업,21,민감성,여,5.0,True
406,립 프라이머,3CE,4.3,3.5g ," 15,000원",립메이크업,25,지성,여,4.0,True
407,립 프라이머,3CE,4.3,3.5g ," 15,000원",립메이크업,23,건성,여,4.0,True
408,립 프라이머,3CE,4.3,3.5g ," 15,000원",립메이크업,20,민감성,여,5.0,True
410,립 프라이머,칼리,4.0,0.7g ," 10,000원",립메이크업,25,지성,여,4.0,True
411,립 프라이머,칼리,4.0,0.7g ," 10,000원",립메이크업,23,건성,여,4.0,True
412,립 프라이머,칼리,4.0,0.7g ," 10,000원",립메이크업,20,민감성,여,5.0,True
414,립 프라이머,NYX,0.0,2.83g , 가격미정,립메이크업,25,지성,여,4.0,True
415,립 프라이머,NYX,0.0,2.83g , 가격미정,립메이크업,23,건성,여,4.0,True
416,립 프라이머,NYX,0.0,2.83g , 가격미정,립메이크업,20,민감성,여,5.0,True
418,립 프라이머,아나스타샤 베버리힐즈,0.0,4.5g ," 23,000원",립메이크업,25,지성,여,4.0,True
419,립 프라이머,아나스타샤 베버리힐즈,0.0,4.5g ," 23,000원",립메이크업,23,건성,여,4.0,True
420,립 프라이머,아나스타샤 베버리힐즈,0.0,4.5g ," 23,000원",립메이크업,20,민감성,여,5.0,True
421,스텝1 아이 앤 립 프라이머,메이크업포에버,5.0,10ml ," 35,000원",립메이크업,26,복합성,여,5.0,True
425,탑 시크릿 립 퍼펙터,입생로랑 뷰티,3.36,15ml ," 41,000원",립메이크업,34,복합성,여,5.0,True
427,CC 립 프라이머 틴트 [SPF10/PA+],케이트,4.0,3.7g , 가격미정,립메이크업,32,건성,여,4.0,True
428,립테라피 오리지널,바세린,4.52,7g ," 5,000원",립메이크업,32,건성,여,5.0,True
429,립테라피 오리지널,바세린,4.52,7g ," 5,000원",립메이크업,29,건성,여,5.0,True
430,립테라피 오리지널,바세린,4.52,7g ," 5,000원",립메이크업,23,민감성,여,4.0,True
432,유채꿀 립 밤 [초보습],이니스프리,4.52,3.5g ," 6,000원",립메이크업,26,건성,여,5.0,True
434,립 슬리핑 마스크 EX,라네즈,4.46,20g ," 20,000원",립메이크업,33,민감성,여,4.0,True
435,립 슬리핑 마스크 EX,라네즈,4.46,20g ," 20,000원",립메이크업,22,복합성,여,5.0,True
437,엑스트라 립 틴트,바비브라운,4.4,2.3g ," 44,000원",립메이크업,26,민감성,여,5.0,True
438,엑스트라 립 틴트,바비브라운,4.4,2.3g ," 44,000원",립메이크업,28,복합성,여,4.0,True
439,어딕트 립 글로우,디올,4.38,3.2g ," 45,000원",립메이크업,28,건성,여,5.0,True
440,립 메덱스,블리스텍스,4.41,7g ," 4,000원",립메이크업,28,건성,여,5.0,True
441,센슈얼 스파이시 누드 밤,헤라,4.3,3.5g ," 35,000원",립메이크업,22,복합성,여,5.0,True
442,센슈얼 스파이시 누드 밤,헤라,4.3,3.5g ," 35,000원",립메이크업,30,건성,여,5.0,True
443,비타민 수분톡 틴트 립밤,웨이크메이크,4.33,3.4g ," 13,000원",립메이크업,25,민감성,여,5.0,True
444,진저 슈가 오버나이트 립 마스크,아리따움,4.31,25g ," 9,000원",립메이크업,26,민감성,여,5.0,True
445,진저 슈가 오버나이트 립 마스크,아리따움,4.31,25g ," 9,000원",립메이크업,48,복합성,여,5.0,True
446,히로인메이크 프라임 리퀴드 아이라이너 리치 킵,키스미,4.55,0.4ml ," 22,000원",아이메이크업,27,복합성,여,4.0,True
447,히로인메이크 프라임 리퀴드 아이라이너 리치 킵,키스미,4.55,0.4ml ," 22,000원",아이메이크업,24,복합성,여,4.0,True
448,더 쇼킹 비건라이너 수퍼픽싱,토니모리,4.53,0.5g ," 14,000원",아이메이크업,27,복합성,여,4.0,True
449,본투비 매드프루프 리퀴드아이라이너,어퓨,4.52,0.6g ," 15,000원",아이메이크업,32,건성,여,5.0,True
450,홀리팝 쌍테라이너,홀리카홀리카,4.43,0.5g ," 5,900원",아이메이크업,23,건성,여,5.0,True
451,홀리팝 쌍테라이너,홀리카홀리카,4.43,0.5g ," 5,900원",아이메이크업,24,복합성,여,5.0,True
453,홀리팝 쌍테라이너,홀리카홀리카,4.43,0.5g ," 5,900원",아이메이크업,32,복합성,여,4.0,True
454,브론즈 페인팅 워터프루프 아이 펜슬,에스쁘아,4.42,1.5g ," 18,000원",아이메이크업,27,건성,여,5.0,True
455,히로인 메이크 스무스 리퀴드 아이라이너 슈퍼 킵,키스미,4.32,0.4ml ," 18,000원",아이메이크업,26,지성,여,5.0,True
456,샤프 쏘 심플 워터프루프 펜슬 라이너,클리오,4.28,0.14g ," 10,000원",아이메이크업,25,지성,여,5.0,True
457,샤프 쏘 심플 워터프루프 펜슬 라이너,클리오,4.28,0.14g ," 10,000원",아이메이크업,20,복합성,여,5.0,True
458,샤프 쏘 심플 워터프루프 펜슬 라이너,클리오,4.28,0.14g ," 10,000원",아이메이크업,48,복합성,여,4.0,True
460,샤프 쏘 심플 워터프루프 펜슬 라이너,클리오,4.28,0.14g ," 10,000원",아이메이크업,22,건성,여,5.0,True
461,아티스트 포뮬라 크림 라이너,컬러그램,4.25,0.25g ," 9,000원",아이메이크업,35,민감성,여,4.0,True
462,라스트 오토 젤 아이라이너 슬림,삐아,4.19,0.1g ," 6,500원",아이메이크업,20,복합성,여,4.0,True
463,라스트 오토 젤 아이라이너 슬림,삐아,4.19,0.1g ," 6,500원",아이메이크업,24,복합성,여,4.0,True
464,더 퍼스트 슬림 젤 아이라이너,머지,4.2,0.05g ," 6,900원",아이메이크업,29,복합성,여,5.0,True
466,하드 포뮬라,슈에무라,4.55,4g ," 34,000원",아이메이크업,33,민감성,여,5.0,True
467,스피디 스키니 브로우,페리페라,4.48,0.05g ," 5,000원",아이메이크업,25,민감성,여,5.0,True
468,스피디 스키니 브로우,페리페라,4.48,0.05g ," 5,000원",아이메이크업,27,복합성,여,5.0,True
469,본투비 매드프루프 스키니 브로우펜슬,어퓨,4.48,0.08g ," 10,000원",아이메이크업,26,복합성,여,5.0,True
470,한올 플랫 브로우,롬앤,4.51,0.17g ," 11,000원",아이메이크업,22,건성,여,4.0,True
471,한올 플랫 브로우,롬앤,4.51,0.17g ," 11,000원",아이메이크업,21,복합성,여,5.0,True
472,한올 플랫 브로우,롬앤,4.51,0.17g ," 11,000원",아이메이크업,27,건성,여,4.0,True
473,심플라벨 래스팅 펜슬 브로우,이니스프리,4.42,0.15g ," 12,000원",아이메이크업,27,복합성,여,4.0,True
474,프리사이슬리 마이 브로우 펜슬,베네피트,4.37,0.08g ," 38,000원",아이메이크업,31,지성,여,4.0,True
475,프리사이슬리 마이 브로우 펜슬,베네피트,4.37,0.08g ," 38,000원",아이메이크업,25,지성,여,4.0,True
476,아이돌 브로우 파우더 케익,아리따움,4.29,4g ," 6,000원",아이메이크업,21,민감성,여,4.0,True
477,아이돌 브로우 파우더 케익,아리따움,4.29,4g ," 6,000원",아이메이크업,23,복합성,여,4.0,True
478,내추럴 하드 브로우 펜슬,웨이크메이크,4.38,0.1g ," 13,000원",아이메이크업,23,복합성,여,5.0,True
479,내추럴 하드 브로우 펜슬,웨이크메이크,4.38,0.1g ," 13,000원",아이메이크업,31,복합성,여,5.0,True
480,내추럴 하드 브로우 펜슬,웨이크메이크,4.38,0.1g ," 13,000원",아이메이크업,30,지성,여,5.0,True
481,내추럴 하드 브로우 펜슬,웨이크메이크,4.38,0.1g ," 13,000원",아이메이크업,29,건성,여,5.0,True
483,헤비로테이션 컬러링 아이브로우,키스미,4.26,8g ," 15,000원",아이메이크업,40,건성,여,5.0,True
484,헤비로테이션 컬러링 아이브로우,키스미,4.26,8g ," 15,000원",아이메이크업,30,건성,여,5.0,True
485,헤비로테이션 컬러링 아이브로우,키스미,4.26,8g ," 15,000원",아이메이크업,36,복합성,여,5.0,True
486,헤비로테이션 컬러링 아이브로우,키스미,4.26,8g ," 15,000원",아이메이크업,28,복합성,여,4.0,True
487,헤비로테이션 컬러링 아이브로우,키스미,4.26,8g ," 15,000원",아이메이크업,42,복합성,여,4.0,True
488,구프 프루프 브로우 펜슬,베네피트,4.3,0.34g ," 38,000원",아이메이크업,34,복합성,여,5.0,True
490,럭스 아이섀도우,바비브라운,4.61,2.5g ," 48,000원",아이메이크업,32,건성,여,5.0,True
491,소프트 블러링 아이팔레트,웨이크메이크,4.6,10g ," 32,000원",아이메이크업,28,건성,여,5.0,True
492,아이섀도우,바비브라운,4.53,2.5g ," 38,000원",아이메이크업,32,건성,여,5.0,True
493,프로 아이 팔레트 AD,클리오,4.56,0.6g*10 ," 32,000원",아이메이크업,22,복합성,여,5.0,True
494,무드 업 마스카라 롱앤컬,데이지크,4.48,7.5g ," 19,000원",아이메이크업,24,복합성,여,4.0,True
495,무드 업 마스카라 롱앤컬,데이지크,4.48,7.5g ," 19,000원",아이메이크업,54,중성,여,4.0,True
496,무드 업 마스카라 롱앤컬,데이지크,4.48,7.5g ," 19,000원",아이메이크업,22,건성,여,5.0,True
497,무드 업 마스카라 롱앤컬,데이지크,4.48,7.5g ," 19,000원",아이메이크업,25,건성,여,4.0,True
498,컬 픽스 마스카라,에뛰드,4.43,8g ," 15,000원",아이메이크업,25,건성,여,5.0,True
499,컬 픽스 마스카라,에뛰드,4.43,8g ," 15,000원",아이메이크업,23,복합성,여,5.0,True
500,컬 픽스 마스카라,에뛰드,4.43,8g ," 15,000원",아이메이크업,21,복합성,여,5.0,True
501,컬 픽스 마스카라,에뛰드,4.43,8g ," 15,000원",아이메이크업,22,복합성,여,5.0,True
502,컬 픽스 마스카라,에뛰드,4.43,8g ," 15,000원",아이메이크업,29,지성,여,5.0,True
503,킬래쉬 수퍼프루프 마스카라 [롱 컬링],클리오,4.37,7g ," 18,000원",아이메이크업,22,복합성,여,4.0,True
504,래쉬 코렉팅 케어 에센셜 세럼,홀리카홀리카,4.44,9ml ," 16,000원",아이메이크업,26,지성,여,4.0,True
505,래쉬 코렉팅 케어 에센셜 세럼,홀리카홀리카,4.44,9ml ," 16,000원",아이메이크업,20,복합성,여,4.0,True
506,아이돌 리얼 래쉬 픽서,아리따움,4.31,8ml ," 6,000원",아이메이크업,32,건성,여,4.0,True
507,아이돌 리얼 래쉬 픽서,아리따움,4.31,8ml ," 6,000원",아이메이크업,20,복합성,여,5.0,True
508,아이돌 리얼 래쉬 픽서,아리따움,4.31,8ml ," 6,000원",아이메이크업,31,복합성,여,4.0,True
509,히로인메이크 롱 업 마스카라 슈퍼 워터프루프,키스미,4.31,6g ," 22,000원",아이메이크업,27,복합성,여,5.0,True
510,히로인메이크 롱 업 마스카라 슈퍼 워터프루프,키스미,4.31,6g ," 22,000원",아이메이크업,31,복합성,여,4.0,True
511,프로-프라임 스머지 프루프 아이섀도우 베이스,나스,4.39,8g ," 36,000원",아이메이크업,23,복합성,여,5.0,True
512,프로-프라임 스머지 프루프 아이섀도우 베이스,나스,4.39,8g ," 36,000원",아이메이크업,37,복합성,여,5.0,True
513,프로-프라임 스머지 프루프 아이섀도우 베이스,나스,4.39,8g ," 36,000원",아이메이크업,32,건성,여,4.0,True
515,프렙+프라임 24-아워 익스텐드 아이 베이스,맥,4.37,12ml ," 33,000원",아이메이크업,33,민감성,여,5.0,True
516,프렙+프라임 24-아워 익스텐드 아이 베이스,맥,4.37,12ml ," 33,000원",아이메이크업,43,민감성,여,5.0,True
517,컬러 픽스 아이 프라이머,미샤,4.23,7.5g ," 9,800원",아이메이크업,23,건성,여,5.0,True
518,컬러 픽스 아이 프라이머,미샤,4.23,7.5g ," 9,800원",아이메이크업,23,복합성,여,5.0,True
519,컬러 픽스 아이 프라이머,미샤,4.23,7.5g ," 9,800원",아이메이크업,22,복합성,여,4.0,True
520,컬러 픽스 아이 프라이머,미샤,4.23,7.5g ," 9,800원",아이메이크업,28,건성,여,5.0,True
521,컬러 픽스 아이 프라이머,미샤,4.23,7.5g ," 9,800원",아이메이크업,23,건성,여,4.0,True
522,아이섀도우 프라이머 포션,어반디케이,4.28,10ml ," 32,000원",아이메이크업,36,복합성,여,5.0,True
523,아이섀도우 프라이머 포션,어반디케이,4.28,10ml ," 32,000원",아이메이크업,33,복합성,여,5.0,True
524,아이섀도우 프라이머 포션,어반디케이,4.28,10ml ," 32,000원",아이메이크업,28,복합성,여,5.0,True
525,아이섀도우 프라이머 포션,어반디케이,4.28,10ml ," 32,000원",아이메이크업,25,지성,여,5.0,True
526,아이섀도우 프라이머 포션,어반디케이,4.28,10ml ," 32,000원",아이메이크업,25,건성,여,4.0,True
527,아이섀도우 프라이머 포션,어반디케이,4.28,10ml ," 32,000원",아이메이크업,27,중성,여,5.0,True
528,엑스퍼트 컬러 프라이머 포 아이즈,VDL,4.23,6.5g ," 16,000원",아이메이크업,28,중성,여,4.0,True
529,엑스퍼트 컬러 프라이머 포 아이즈,VDL,4.23,6.5g ," 16,000원",아이메이크업,26,복합성,여,4.0,True
530,엑스퍼트 컬러 프라이머 포 아이즈,VDL,4.23,6.5g ," 16,000원",아이메이크업,16,건성,여,4.0,True
531,엑스퍼트 컬러 프라이머 포 아이즈,VDL,4.23,6.5g ," 16,000원",아이메이크업,35,복합성,여,5.0,True
532,엑스퍼트 컬러 프라이머 포 아이즈,VDL,4.23,6.5g ," 16,000원",아이메이크업,35,지성,여,4.0,True
533,엑스퍼트 컬러 프라이머 포 아이즈,VDL,4.23,6.5g ," 16,000원",아이메이크업,27,건성,여,4.0,True
534,엑스퍼트 컬러 프라이머 포 아이즈,VDL,4.23,6.5g ," 16,000원",아이메이크업,55,건성,여,4.0,True
535,엑스퍼트 컬러 프라이머 포 아이즈,VDL,4.23,6.5g ," 16,000원",아이메이크업,29,건성,여,5.0,True
536,엑스퍼트 컬러 프라이머 포 아이즈,VDL,4.23,6.5g ," 16,000원",아이메이크업,27,건성,여,4.0,True
537,아이 프라이머 나크로스,이든 미네랄,4.55,2.8g ," 26,000원",아이메이크업,27,복합성,여,5.0,True
538,아이 프라이머 나크로스,이든 미네랄,4.55,2.8g ," 26,000원",아이메이크업,29,복합성,여,5.0,True
539,아이 프라이머 나크로스,이든 미네랄,4.55,2.8g ," 26,000원",아이메이크업,27,건성,여,5.0,True
541,아이 프라이머 나크로스,이든 미네랄,4.55,2.8g ," 26,000원",아이메이크업,29,지성,여,5.0,True
542,아이 프라이머 나크로스,이든 미네랄,4.55,2.8g ," 26,000원",아이메이크업,28,복합성,여,5.0,True
544,아이 프라이머 나크로스,이든 미네랄,4.55,2.8g ," 26,000원",아이메이크업,29,복합성,여,5.0,True
545,아이 프라이머 나크로스,이든 미네랄,4.55,2.8g ," 26,000원",아이메이크업,29,민감성,여,4.0,True
546,아이 프라이머 나크로스,이든 미네랄,4.55,2.8g ," 26,000원",아이메이크업,28,중성,여,5.0,True
547,아이 프라이머 나크로스,이든 미네랄,4.55,2.8g ," 26,000원",아이메이크업,31,복합성,여,5.0,True
548,아이 프라이머 나크로스,이든 미네랄,4.55,2.8g ," 26,000원",아이메이크업,29,복합성,여,4.0,True
549,아이 프라이머 나크로스,이든 미네랄,4.55,2.8g ," 26,000원",아이메이크업,28,복합성,여,5.0,True
550,아이 프라이머 나크로스,이든 미네랄,4.55,2.8g ," 26,000원",아이메이크업,32,건성,여,5.0,True
551,아이 프라이머 나크로스,이든 미네랄,4.55,2.8g ," 26,000원",아이메이크업,31,지성,여,4.0,True
552,아이 프라이머 나크로스,이든 미네랄,4.55,2.8g ," 26,000원",아이메이크업,28,지성,여,5.0,True
553,아이 프라이머 나크로스,이든 미네랄,4.55,2.8g ," 26,000원",아이메이크업,30,건성,여,5.0,True
554,아이 프라이머 나크로스,이든 미네랄,4.55,2.8g ," 26,000원",아이메이크업,29,민감성,여,5.0,True
556,아임 스머지 헌터,아임미미,3.8,6.5g ," 9,900원",아이메이크업,21,민감성,여,5.0,True
557,샘물 아이 프라이머,더샘,3.47,1p ," 5,000원",아이메이크업,28,중성,여,4.0,True
558,코코넛 클레이 클렌징 폼,토코보,4.5,150ml ," 12,000원",클렌징,26,건성,여,5.0,True
559,코코넛 클레이 클렌징 폼,토코보,4.5,150ml ," 12,000원",클렌징,19,복합성,여,4.0,True
560,코코넛 클레이 클렌징 폼,토코보,4.5,150ml ," 12,000원",클렌징,37,복합성,여,5.0,True
561,코코넛 클레이 클렌징 폼,토코보,4.5,150ml ," 12,000원",클렌징,27,복합성,여,5.0,True
563,코코넛 클레이 클렌징 폼,토코보,4.5,150ml ," 12,000원",클렌징,33,건성,여,5.0,True
564,코코넛 클레이 클렌징 폼,토코보,4.5,150ml ," 12,000원",클렌징,36,민감성,여,5.0,True
568,코코넛 클레이 클렌징 폼,토코보,4.5,150ml ," 12,000원",클렌징,31,복합성,여,5.0,True
569,코코넛 클레이 클렌징 폼,토코보,4.5,150ml ," 12,000원",클렌징,34,복합성,여,5.0,True
570,엑티브 클린업 파우더,인셀덤,4.36,90g ," 50,000원",클렌징,40,복합성,여,4.0,True
571,엔자임 오트 스크럽 파우더 워시,라씨엘르,4.32,50g ," 24,000원",클렌징,30,복합성,여,4.0,True
573,클린 잇 제로 포어 클래리파잉 클렌징 밤,바닐라코,4.44,100ml ," 18,000원",클렌징,35,건성,여,5.0,True
574,포어 화이트 클렌징밤,숌,4.44,120ml ," 44,500원",클렌징,23,건성,여,5.0,True
576,스트레스 릴리빙 퓨어풀 립앤아이 리무버 패드,아리얼,4.39,30ea ," 4,500원",클렌징,23,건성,여,5.0,True
577,스트레스 릴리빙 퓨어풀 립앤아이 리무버 패드,아리얼,4.39,30ea ," 4,500원",클렌징,36,복합성,여,4.0,True
579,애플 사이다 딥 클렌징 오일,아리얼,4.39,200ml ," 24,000원",클렌징,18,복합성,여,5.0,True
580,프로페셔널 미셀라에어 클렌징 워터,니베아,4.28,400ml ," 17,000원",클렌징,23,중성,여,4.0,True
581,클렌즈 미 소프틀리 밀크 클렌저,시오리스,4.31,200ml ," 24,000원",클렌징,42,건성,여,4.0,True
583,클렌즈 미 소프틀리 밀크 클렌저,시오리스,4.31,200ml ," 24,000원",클렌징,33,복합성,여,4.0,True
584,클렌즈 미 소프틀리 밀크 클렌저,시오리스,4.31,200ml ," 24,000원",클렌징,25,복합성,여,4.0,True
585,클렌즈 미 소프틀리 밀크 클렌저,시오리스,4.31,200ml ," 24,000원",클렌징,19,복합성,여,4.0,True
586,클렌즈 미 소프틀리 밀크 클렌저,시오리스,4.31,200ml ," 24,000원",클렌징,24,복합성,여,4.0,True
587,클렌즈 미 소프틀리 밀크 클렌저,시오리스,4.31,200ml ," 24,000원",클렌징,33,복합성,여,4.0,True
588,클렌즈 미 소프틀리 밀크 클렌저,시오리스,4.31,200ml ," 24,000원",클렌징,33,복합성,여,4.0,True
589,클렌즈 미 소프틀리 밀크 클렌저,시오리스,4.31,200ml ," 24,000원",클렌징,42,민감성,여,4.0,True
590,클렌즈 미 소프틀리 밀크 클렌저,시오리스,4.31,200ml ," 24,000원",클렌징,25,복합성,여,4.0,True
591,킬래쉬 마스카라 리무버,클리오,4.71,8.5g ," 12,000원",클렌징,30,민감성,여,5.0,True
592,킬래쉬 마스카라 리무버,클리오,4.71,8.5g ," 12,000원",클렌징,23,복합성,여,5.0,True
593,킬래쉬 마스카라 리무버,클리오,4.71,8.5g ," 12,000원",클렌징,32,복합성,여,5.0,True
594,올 피니쉬 마스카라 클리너,에뛰드,4.49,13ml ," 8,000원",클렌징,34,건성,여,5.0,True
595,립 앤 아이 리무버 클리어,바닐라코,4.61,100ml ," 6,500원",클렌징,39,복합성,여,5.0,True
596,립 앤 아이 리무버 클리어,바닐라코,4.61,100ml ," 6,500원",클렌징,28,복합성,여,5.0,True
597,아이 메이크업 리무버,비페스타,4.46,145ml ," 12,000원",클렌징,22,복합성,여,5.0,True
598,아이 메이크업 리무버,비페스타,4.46,145ml ," 12,000원",클렌징,23,지성,여,5.0,True
599,아이 메이크업 리무버,비페스타,4.46,145ml ," 12,000원",클렌징,28,복합성,여,5.0,True
600,히로인 메이크 스피디 마스카라 리무버,키스미,4.51,6.6ml ," 13,000원",클렌징,21,지성,여,5.0,True
601,히로인 메이크 스피디 마스카라 리무버,키스미,4.51,6.6ml ," 13,000원",클렌징,25,복합성,여,5.0,True
603,클리어 훼이스 스파 립앤아이 메이크업 리무버,폰즈,4.36,120ml ," 9,900원",클렌징,29,복합성,여,5.0,True
604,클리어 훼이스 스파 립앤아이 메이크업 리무버,폰즈,4.36,120ml ," 9,900원",클렌징,32,복합성,여,5.0,True
605,클리어 훼이스 스파 립앤아이 메이크업 리무버,폰즈,4.36,120ml ," 9,900원",클렌징,28,민감성,여,5.0,True
606,클리어 훼이스 스파 립앤아이 메이크업 리무버,폰즈,4.36,120ml ," 9,900원",클렌징,24,지성,여,5.0,True
607,클리어 훼이스 스파 립앤아이 메이크업 리무버,폰즈,4.36,120ml ," 9,900원",클렌징,20,복합성,여,5.0,True
608,클리어 훼이스 스파 립앤아이 메이크업 리무버,폰즈,4.36,120ml ," 9,900원",클렌징,29,민감성,여,4.0,True
609,클리어 훼이스 스파 립앤아이 메이크업 리무버,폰즈,4.36,120ml ," 9,900원",클렌징,30,복합성,여,5.0,True
610,미네랄 립앤아이 메이크업 리무버,어퓨,4.34,100ml ," 3,500원",클렌징,32,건성,여,5.0,True
611,미네랄 립앤아이 메이크업 리무버,어퓨,4.34,100ml ," 3,500원",클렌징,30,지성,여,5.0,True
612,미네랄 립앤아이 메이크업 리무버,어퓨,4.34,100ml ," 3,500원",클렌징,28,복합성,여,4.0,True
613,프레쉬 모이스춰 립앤아이 리무버,일리윤,4.24,100ml ," 8,000원",클렌징,28,복합성,여,5.0,True
614,프레쉬 모이스춰 립앤아이 리무버,일리윤,4.24,100ml ," 8,000원",클렌징,32,민감성,여,5.0,True
615,프레쉬 모이스춰 립앤아이 리무버,일리윤,4.24,100ml ," 8,000원",클렌징,40,복합성,여,5.0,True
616,프레쉬 모이스춰 립앤아이 리무버,일리윤,4.24,100ml ," 8,000원",클렌징,22,지성,여,4.0,True
617,프레쉬 모이스춰 립앤아이 리무버,일리윤,4.24,100ml ," 8,000원",클렌징,32,복합성,여,4.0,True
618,프레쉬 모이스춰 립앤아이 리무버,일리윤,4.24,100ml ," 8,000원",클렌징,29,복합성,여,5.0,True
619,퍼펙트 립앤아이 메이크업 리무버,미샤,4.05,155ml ," 4,000원",클렌징,27,지성,여,5.0,True
620,퍼펙트 립앤아이 메이크업 리무버,미샤,4.05,155ml ," 4,000원",클렌징,28,복합성,여,4.0,True
621,밀크쉐이크 포인트 메이크업 리무버,스킨푸드,4.03,160ml ," 10,000원",클렌징,26,복합성,여,5.0,True
622,밀크쉐이크 포인트 메이크업 리무버,스킨푸드,4.03,160ml ," 10,000원",클렌징,34,복합성,여,5.0,True
623,밀크쉐이크 포인트 메이크업 리무버,스킨푸드,4.03,160ml ," 10,000원",클렌징,22,지성,여,5.0,True
624,닥터솔루션 저자극 립앤아이 리무버,케어존,4.05,110ml ," 11,500원",클렌징,23,건성,여,5.0,True
625,컬 픽스 마스카라 리무버,에뛰드,3.95,80ml ," 5,000원",클렌징,27,건성,여,5.0,True
627,뽀오얀 미소 발효 립 & 아이 리무버,아리따움,3.92,250ml ," 11,000원",클렌징,28,지성,여,4.0,True
628,뽀오얀 미소 발효 립 & 아이 리무버,아리따움,3.92,250ml ," 11,000원",클렌징,27,복합성,여,4.0,True
629,피그 스크럽 마스크,아임프롬,4.51,120g ," 32,000원",클렌징,26,민감성,여,5.0,True
630,피그 스크럽 마스크,아임프롬,4.51,120g ," 32,000원",클렌징,46,건성,여,5.0,True
631,피그 스크럽 마스크,아임프롬,4.51,120g ," 32,000원",클렌징,30,복합성,여,5.0,True
632,가지 클리어링 필링 패드 토너,파파레서피,4.33,70ea ," 25,000원",클렌징,22,건성,여,5.0,True
634,녹차 필링젤,시드물,4.3,120ml ," 4,800원",클렌징,26,민감성,여,5.0,True
635,녹차 필링젤,시드물,4.3,120ml ," 4,800원",클렌징,28,복합성,여,5.0,True
636,녹차 필링젤,시드물,4.3,120ml ," 4,800원",클렌징,27,복합성,여,4.0,True
637,녹차 필링젤,시드물,4.3,120ml ," 4,800원",클렌징,28,복합성,여,5.0,True
638,녹차 필링젤,시드물,4.3,120ml ," 4,800원",클렌징,27,복합성,여,5.0,True
639,페이셜 마일드 필링,프리메라,4.28,150ml ," 30,000원",클렌징,30,민감성,여,5.0,True
640,페이셜 마일드 필링,프리메라,4.28,150ml ," 30,000원",클렌징,32,중성,여,5.0,True
641,페이셜 마일드 필링,프리메라,4.28,150ml ," 30,000원",클렌징,27,복합성,여,5.0,True
642,페이셜 마일드 필링,프리메라,4.28,150ml ," 30,000원",클렌징,26,복합성,여,5.0,True
643,페이셜 마일드 필링,프리메라,4.28,150ml ," 30,000원",클렌징,20,민감성,여,5.0,True
644,페이셜 마일드 필링,프리메라,4.28,150ml ," 30,000원",클렌징,31,민감성,여,4.0,True
645,트리악 모공 톡스 패드,셀퓨전씨,4.29,60ea ," 24,000원",클렌징,22,지성,여,4.0,True
647,어성초 77 클리어 패드,아누아,4.26,70ea ," 28,000원",클렌징,32,복합성,여,4.0,True
648,어성초 77 클리어 패드,아누아,4.26,70ea ," 28,000원",클렌징,23,지성,여,4.0,True
652,브라이트닝 비타 필링 패드,닥터지,4.21,70ea ," 22,000원",클렌징,32,건성,여,5.0,True
653,블랙슈가 퍼펙트 에센셜 스크럽 2X,스킨푸드,4.5,210g ," 19,000원",클렌징,37,복합성,여,5.0,True
654,블랙슈가 퍼펙트 에센셜 스크럽 2X,스킨푸드,4.5,210g ," 19,000원",클렌징,31,민감성,여,5.0,True
655,블랙슈가 퍼펙트 에센셜 스크럽 2X,스킨푸드,4.5,210g ," 19,000원",클렌징,20,민감성,여,5.0,True
656,블랙슈가 퍼펙트 에센셜 스크럽 2X,스킨푸드,4.5,210g ," 19,000원",클렌징,27,건성,여,4.0,True
657,블랙슈가 퍼펙트 에센셜 스크럽 2X,스킨푸드,4.5,210g ," 19,000원",클렌징,28,지성,여,5.0,True
658,블랙슈가 퍼펙트 에센셜 스크럽 2X,스킨푸드,4.5,210g ," 19,000원",클렌징,21,복합성,여,5.0,True
659,브라이트닝 필링젤,닥터지,4.02,120g ," 19,000원",클렌징,26,민감성,여,5.0,True
660,브라이트닝 필링젤,닥터지,4.02,120g ," 19,000원",클렌징,25,민감성,여,4.0,True
661,브라이트닝 필링젤,닥터지,4.02,120g ," 19,000원",클렌징,25,복합성,여,4.0,True
662,브라이트닝 필링젤,닥터지,4.02,120g ," 19,000원",클렌징,27,지성,여,5.0,True
663,브라이트닝 필링젤,닥터지,4.02,120g ," 19,000원",클렌징,21,건성,여,5.0,True
664,거품망 버블메이커,시드물,4.51,1ea ," 2,000원",클렌징,27,건성,여,5.0,True
665,거품망 버블메이커,시드물,4.51,1ea ," 2,000원",클렌징,28,복합성,여,4.0,True
666,거품망 버블메이커,시드물,4.51,1ea ," 2,000원",클렌징,30,건성,여,5.0,True
667,거품망 버블메이커,시드물,4.51,1ea ," 2,000원",클렌징,29,민감성,여,4.0,True
668,거품망 버블메이커,시드물,4.51,1ea ," 2,000원",클렌징,23,복합성,여,4.0,True
669,거품망 버블메이커,시드물,4.51,1ea ," 2,000원",클렌징,30,건성,여,5.0,True
670,마이뷰티툴 버블 메이커,에뛰드,4.27,1ea ," 4,000원",클렌징,25,지성,여,4.0,True
671,마이뷰티툴 버블 메이커,에뛰드,4.27,1ea ," 4,000원",클렌징,24,민감성,여,4.0,True
673,마이뷰티툴 버블 메이커,에뛰드,4.27,1ea ," 4,000원",클렌징,31,지성,여,4.0,True
674,마이뷰티툴 버블 메이커,에뛰드,4.27,1ea ," 4,000원",클렌징,20,중성,여,4.0,True
675,마이뷰티툴 버블 메이커,에뛰드,4.27,1ea ," 4,000원",클렌징,27,복합성,여,5.0,True
677,마이뷰티툴 버블 메이커,에뛰드,4.27,1ea ," 4,000원",클렌징,22,복합성,여,5.0,True
678,마이뷰티툴 버블 메이커,에뛰드,4.27,1ea ," 4,000원",클렌징,28,복합성,여,5.0,True
679,마이뷰티툴 버블 메이커,에뛰드,4.27,1ea ," 4,000원",클렌징,23,복합성,여,4.0,True
680,마이뷰티툴 버블 메이커,에뛰드,4.27,1ea ," 4,000원",클렌징,37,민감성,여,4.0,True
681,마이뷰티툴 버블 메이커,에뛰드,4.27,1ea ," 4,000원",클렌징,16,지성,여,5.0,True
682,마이뷰티툴 버블 메이커,에뛰드,4.27,1ea ," 4,000원",클렌징,23,복합성,여,5.0,True
684,뷰티툴 크리미 버블 메이커,이니스프리,4.21,1ea ," 2,000원",클렌징,23,복합성,여,5.0,True
685,뷰티툴 크리미 버블 메이커,이니스프리,4.21,1ea ," 2,000원",클렌징,23,복합성,여,5.0,True
687,오가닉팜 버블메이커 샤워볼,다이소,4.23,1ea ," 1,000원",클렌징,18,건성,여,5.0,True
688,오가닉팜 버블메이커 샤워볼,다이소,4.23,1ea ," 1,000원",클렌징,23,중성,여,4.0,True
689,오가닉팜 버블메이커 샤워볼,다이소,4.23,1ea ," 1,000원",클렌징,23,복합성,여,4.0,True
691,메이크업 클렌저,페이스헤일로,4.02,1ea ," 11,000원",클렌징,17,민감성,여,5.0,True
692,버블 거품망,아리따움,4.01,1ea ," 2,000원",클렌징,23,복합성,여,5.0,True
693,버블 거품망,아리따움,4.01,1ea ," 2,000원",클렌징,23,복합성,여,4.0,True
694,버블 거품망,아리따움,4.01,1ea ," 2,000원",클렌징,24,복합성,여,5.0,True
695,버블 거품망,아리따움,4.01,1ea ," 2,000원",클렌징,34,지성,여,5.0,True
696,실리콘 클렌징 패드,필리밀리,4.52,1ea ," 3,900원",클렌징,29,복합성,여,4.0,True
697,핑크 해면,시드물,4.54,1ea ," 1,500원",클렌징,25,복합성,여,5.0,True
698,핑크 해면,시드물,4.54,1ea ," 1,500원",클렌징,33,민감성,여,5.0,True
699,핑크 해면,시드물,4.54,1ea ," 1,500원",클렌징,26,복합성,여,5.0,True
700,핑크 해면,시드물,4.54,1ea ," 1,500원",클렌징,25,건성,여,5.0,True
701,듀얼 모공 브러시,필리밀리,3.57,1ea ," 14,900원",클렌징,19,민감성,여,4.0,True
702,듀얼 모공 브러시,필리밀리,3.57,1ea ," 14,900원",클렌징,23,민감성,여,4.0,True
703,모공 세안 브러시,다이소,3.49,1ea ," 5,000원",클렌징,24,복합성,여,5.0,True
704,미니손잡이 실리콘 세안스펀지,다이소,4.38,1ea ," 2,000원",클렌징,19,민감성,여,4.0,True
705,컴포트 미 모스 카밍 마스크,메이크프렘,4.6,28ml ," 3,000원",마스크/팩,30,건성,여,5.0,True
706,컴포트 미 모스 카밍 마스크,메이크프렘,4.6,28ml ," 3,000원",마스크/팩,27,복합성,여,5.0,True
707,컴포트 미 모스 카밍 마스크,메이크프렘,4.6,28ml ," 3,000원",마스크/팩,27,복합성,여,4.0,True
708,컴포트 미 모스 카밍 마스크,메이크프렘,4.6,28ml ," 3,000원",마스크/팩,26,복합성,여,4.0,True
710,컴포트 미 모스 카밍 마스크,메이크프렘,4.6,28ml ," 3,000원",마스크/팩,33,복합성,여,5.0,True
711,컴포트 미 모스 카밍 마스크,메이크프렘,4.6,28ml ," 3,000원",마스크/팩,24,지성,여,4.0,True
713,컴포트 미 모스 카밍 마스크,메이크프렘,4.6,28ml ," 3,000원",마스크/팩,27,지성,여,5.0,True
714,컴포트 미 모스 카밍 마스크,메이크프렘,4.6,28ml ," 3,000원",마스크/팩,27,지성,여,5.0,True
715,컴포트 미 모스 카밍 마스크,메이크프렘,4.6,28ml ," 3,000원",마스크/팩,33,복합성,여,5.0,True
716,컴포트 미 모스 카밍 마스크,메이크프렘,4.6,28ml ," 3,000원",마스크/팩,26,중성,여,4.0,True
717,컴포트 미 모스 카밍 마스크,메이크프렘,4.6,28ml ," 3,000원",마스크/팩,22,중성,여,4.0,True
718,컴포트 미 모스 카밍 마스크,메이크프렘,4.6,28ml ," 3,000원",마스크/팩,38,복합성,여,5.0,True
719,컴포트 미 모스 카밍 마스크,메이크프렘,4.6,28ml ," 3,000원",마스크/팩,29,민감성,여,5.0,True
720,컴포트 미 모스 카밍 마스크,메이크프렘,4.6,28ml ," 3,000원",마스크/팩,28,지성,여,5.0,True
721,컴포트 미 모스 카밍 마스크,메이크프렘,4.6,28ml ," 3,000원",마스크/팩,26,건성,여,5.0,True
723,컴포트 미 모스 카밍 마스크,메이크프렘,4.6,28ml ," 3,000원",마스크/팩,28,복합성,여,4.0,True
724,컴포트 미 모스 카밍 마스크,메이크프렘,4.6,28ml ," 3,000원",마스크/팩,34,건성,여,5.0,True
725,컴포트 미 모스 카밍 마스크,메이크프렘,4.6,28ml ," 3,000원",마스크/팩,26,복합성,여,5.0,True
726,프로 시카 징크덤 밴드 마스크,더마토리,4.49,28g ," 4,000원",마스크/팩,24,복합성,여,5.0,True
727,프로 시카 징크덤 밴드 마스크,더마토리,4.49,28g ," 4,000원",마스크/팩,21,복합성,여,5.0,True
728,티트리 에센셜 마스크,메디힐,4.48,24ml ," 2,000원",마스크/팩,27,중성,여,5.0,True
729,퍼스트 쿨링 마스크,셀퓨전씨,4.38,27g ," 3,000원",마스크/팩,29,건성,여,5.0,True
730,프리미엄 쿨 티트리 모델링 마스크,린제이,4.57,820g ," 35,000원",마스크/팩,29,복합성,여,5.0,True
731,프리미엄 쿨 티트리 모델링 마스크,린제이,4.57,820g ," 35,000원",마스크/팩,32,복합성,여,5.0,True
732,프리미엄 쿨 티트리 모델링 마스크,린제이,4.57,820g ," 35,000원",마스크/팩,27,복합성,여,5.0,True
733,프리미엄 콜라겐 모델링 마스크팩,린제이,4.43,820g ," 35,000원",마스크/팩,39,복합성,여,5.0,True
734,워터 슬리핑 마스크 EX,라네즈,4.31,70ml ," 32,000원",마스크/팩,24,복합성,여,5.0,True
736,워터 슬리핑 마스크 EX,라네즈,4.31,70ml ," 32,000원",마스크/팩,22,지성,여,5.0,True
737,워터 슬리핑 마스크 EX,라네즈,4.31,70ml ," 32,000원",마스크/팩,26,민감성,여,5.0,True
738,마스크 오브 매그너민티,러쉬,4.17,125g ," 20,000원",마스크/팩,22,건성,여,5.0,True
739,마스크 오브 매그너민티,러쉬,4.17,125g ," 20,000원",마스크/팩,29,복합성,여,5.0,True
740,마스크 오브 매그너민티,러쉬,4.17,125g ," 20,000원",마스크/팩,25,민감성,여,4.0,True
741,블랙슈가 마스크 워시 오프,스킨푸드,4.18,100g ," 10,000원",마스크/팩,34,복합성,여,5.0,True
742,블랙슈가 마스크 워시 오프,스킨푸드,4.18,100g ," 10,000원",마스크/팩,29,복합성,여,5.0,True
743,블랙슈가 마스크 워시 오프,스킨푸드,4.18,100g ," 10,000원",마스크/팩,16,건성,여,5.0,True
744,블랙슈가 마스크 워시 오프,스킨푸드,4.18,100g ," 10,000원",마스크/팩,36,지성,여,5.0,True
745,옥용팩,설화수,4.11,150ml ," 48,000원",마스크/팩,22,건성,여,5.0,True
746,옥용팩,설화수,4.11,150ml ," 48,000원",마스크/팩,27,건성,여,4.0,True
747,자작나무 수분 패드,라운드랩,4.61,80ea ," 25,000원",마스크/팩,20,복합성,여,5.0,True
748,케어플러스 상처커버 스팟패치,올리브영,4.43,27ea ," 4,000원",마스크/팩,25,복합성,여,5.0,True
749,케어플러스 상처커버 스팟패치,올리브영,4.43,27ea ," 4,000원",마스크/팩,29,복합성,여,5.0,True
750,케어플러스 상처커버 스팟패치,올리브영,4.43,27ea ," 4,000원",마스크/팩,21,복합성,여,5.0,True
751,케어플러스 상처커버 스팟패치,올리브영,4.43,27ea ," 4,000원",마스크/팩,32,민감성,여,4.0,True
752,이지덤 뷰티,이지덤뷰티,4.4,42ea ," 7,000원",마스크/팩,20,지성,여,5.0,True
753,이지덤 뷰티,이지덤뷰티,4.4,42ea ," 7,000원",마스크/팩,29,복합성,여,5.0,True
754,개똥쑥 진정 스팟 팩,미샤,4.4,50ea ," 28,000원",마스크/팩,30,복합성,여,5.0,True
755,레드 블레미쉬 클리어 퀵 수딩 팩,닥터지,4.35,70ea ," 25,000원",마스크/팩,34,지성,여,5.0,True
756,레드 블레미쉬 클리어 퀵 수딩 팩,닥터지,4.35,70ea ," 25,000원",마스크/팩,29,복합성,여,5.0,True
757,케어플러스 상처커버 스팟패치 허니,올리브영,4.25,42ea*2 ," 6,500원",마스크/팩,43,건성,여,5.0,True
758,스팟케어 패치 키트,해서린,4.03,80ea ," 6,000원",마스크/팩,26,건성,여,4.0,True
760,케어플러스 잘라쓰는 사각패치,올리브영,4.06,2ea ," 4,000원",마스크/팩,43,건성,여,5.0,True
761,닥터트럽 블래미쉬 트러블 클리어 패치,시드물,3.88,24ea ," 3,600원",마스크/팩,29,복합성,여,4.0,True
762,아크니 닥터 1st 스피디 스팟 패드 (응급스팟패드),아이소이,4.46,60ea ," 23,800원",마스크/팩,34,지성,여,4.0,True
763,아크니 닥터 1st 스피디 스팟 패드 (응급스팟패드),아이소이,4.46,60ea ," 23,800원",마스크/팩,32,지성,여,4.0,True
765,아이스 카밍 쿨러,아리따움,4.25,1ea ," 10,000원",마스크/팩,27,복합성,여,5.0,True
766,아이스 카밍 쿨러,아리따움,4.25,1ea ," 10,000원",마스크/팩,30,민감성,여,4.0,True
767,아이스 카밍 쿨러,아리따움,4.25,1ea ," 10,000원",마스크/팩,38,건성,여,5.0,True
768,아이스 카밍 쿨러,아리따움,4.25,1ea ," 10,000원",마스크/팩,23,복합성,여,5.0,True
769,팩브러시 (44535),다이소,4.2,1ea ," 1,000원",마스크/팩,23,복합성,여,5.0,True
770,팩브러시 (44535),다이소,4.2,1ea ," 1,000원",마스크/팩,30,복합성,여,5.0,True
771,뷰티툴 말랑한 팩 스패튤라,이니스프리,4.5,1ea ," 1,000원",마스크/팩,23,복합성,여,5.0,True
772,프로바이오덤 리프팅 마사저,바이오힐 보,4.78,1ea ," 25,000원",마스크/팩,49,복합성,여,5.0,True
773,프로바이오덤 리프팅 마사저,바이오힐 보,4.78,1ea ," 25,000원",마스크/팩,25,복합성,여,5.0,True
774,프로바이오덤 리프팅 마사저,바이오힐 보,4.78,1ea ," 25,000원",마스크/팩,29,건성,여,5.0,True
775,프로바이오덤 리프팅 마사저,바이오힐 보,4.78,1ea ," 25,000원",마스크/팩,25,지성,여,5.0,True
776,프로바이오덤 리프팅 마사저,바이오힐 보,4.78,1ea ," 25,000원",마스크/팩,26,복합성,여,5.0,True
777,프로바이오덤 리프팅 마사저,바이오힐 보,4.78,1ea ," 25,000원",마스크/팩,24,건성,여,4.0,True
778,프로바이오덤 리프팅 마사저,바이오힐 보,4.78,1ea ," 25,000원",마스크/팩,26,복합성,여,4.0,True
779,프로바이오덤 리프팅 마사저,바이오힐 보,4.78,1ea ," 25,000원",마스크/팩,29,복합성,여,5.0,True
780,프로바이오덤 리프팅 마사저,바이오힐 보,4.78,1ea ," 25,000원",마스크/팩,32,복합성,여,5.0,True
781,프로바이오덤 리프팅 마사저,바이오힐 보,4.78,1ea ," 25,000원",마스크/팩,22,지성,여,5.0,True
782,프로바이오덤 리프팅 마사저,바이오힐 보,4.78,1ea ," 25,000원",마스크/팩,25,복합성,여,5.0,True
783,프로바이오덤 리프팅 마사저,바이오힐 보,4.78,1ea ," 25,000원",마스크/팩,26,민감성,여,5.0,True
784,프로바이오덤 리프팅 마사저,바이오힐 보,4.78,1ea ," 25,000원",마스크/팩,23,건성,여,5.0,True
785,프로바이오덤 리프팅 마사저,바이오힐 보,4.78,1ea ," 25,000원",마스크/팩,31,건성,여,5.0,True
786,프로바이오덤 리프팅 마사저,바이오힐 보,4.78,1ea ," 25,000원",마스크/팩,25,복합성,여,5.0,True
787,방짜유기 유기 하트 괄사 마사지기,놋담,4.38,1ea ," 99,000원",마스크/팩,15,지성,여,4.0,True
788,더 잠 테라피 마사저,에뛰드,4.5,1ea ," 30,000원",마스크/팩,28,복합성,여,4.0,True
789,아이시화이트,키위스,5.0,1ea ," 19,800원",마스크/팩,25,복합성,여,5.0,True
790,듀얼 실리콘 팩 브러시,필리밀리,4.5,1ea ," 8,000원",마스크/팩,24,지성,여,5.0,True
791,보석 페이스 롤러,로제드 자르딘,4.0,1ea ," 45,000원",마스크/팩,32,복합성,여,4.0,True
792,페이스 & 바디 괄사,필리밀리,4.75,1ea ," 12,000원",마스크/팩,29,건성,여,5.0,True
793,페이스 & 바디 괄사,필리밀리,4.75,1ea ," 12,000원",마스크/팩,27,지성,여,5.0,True
794,페이스 & 바디 괄사,필리밀리,4.75,1ea ," 12,000원",마스크/팩,31,건성,여,5.0,True
795,괄사,플로나,4.56,1ea ," 59,000원",마스크/팩,24,복합성,여,5.0,True
796,괄사,플로나,4.56,1ea ," 59,000원",마스크/팩,27,지성,여,5.0,True
797,괄사,플로나,4.56,1ea ," 59,000원",마스크/팩,31,지성,여,4.0,True
798,괄사,플로나,4.56,1ea ," 59,000원",마스크/팩,27,지성,여,4.0,True
799,자작나무 수분 선크림 [SPF50+/PA++++],라운드랩,4.5,50ml ," 25,000원",선케어,25,민감성,여,5.0,True
800,자작나무 수분 선크림 [SPF50+/PA++++],라운드랩,4.5,50ml ," 25,000원",선케어,28,지성,여,4.0,True
801,자작나무 수분 선크림 [SPF50+/PA++++],라운드랩,4.5,50ml ," 25,000원",선케어,28,복합성,여,5.0,True
802,자작나무 수분 선크림 [SPF50+/PA++++],라운드랩,4.5,50ml ," 25,000원",선케어,24,건성,여,5.0,True
803,자작나무 수분 선크림 [SPF50+/PA++++],라운드랩,4.5,50ml ," 25,000원",선케어,25,복합성,여,4.0,True
804,자작나무 수분 선크림 [SPF50+/PA++++],라운드랩,4.5,50ml ," 25,000원",선케어,25,건성,여,5.0,True
805,워터풀 톤업 선크림 [SPF50+/PA++++],달바,4.52,50ml ," 32,000원",선케어,42,복합성,여,5.0,True
806,그린프로폴리스 올마일드선 [SPF50+/PA++++],씨케이디,4.39,40ml ," 26,000원",선케어,35,민감성,여,4.0,True
807,그린프로폴리스 올마일드선 [SPF50+/PA++++],씨케이디,4.39,40ml ," 26,000원",선케어,49,복합성,여,4.0,True
808,UV프로텍터 톤업 [SPF50+/PA++++],헤라,4.37,50ml ," 40,000원",선케어,22,민감성,여,5.0,True
810,톤업 선크림 [SPF50+/PA++++],오아이브,4.27,50ml ," 48,900원",선케어,26,지성,여,4.0,True
811,톤업 선크림 [SPF50+/PA++++],오아이브,4.27,50ml ," 48,900원",선케어,29,건성,여,4.0,True
812,톤업 선크림 [SPF50+/PA++++],오아이브,4.27,50ml ," 48,900원",선케어,29,복합성,여,5.0,True
813,톤업 선크림 [SPF50+/PA++++],오아이브,4.27,50ml ," 48,900원",선케어,30,복합성,여,5.0,True
814,톤업 선크림 [SPF50+/PA++++],오아이브,4.27,50ml ," 48,900원",선케어,30,복합성,여,4.0,True
815,톤업 선크림 [SPF50+/PA++++],오아이브,4.27,50ml ," 48,900원",선케어,27,건성,여,4.0,True
816,톤업 선크림 [SPF50+/PA++++],오아이브,4.27,50ml ," 48,900원",선케어,27,지성,여,5.0,True
817,톤업 선크림 [SPF50+/PA++++],오아이브,4.27,50ml ," 48,900원",선케어,35,건성,남,5.0,True
818,톤업 선크림 [SPF50+/PA++++],오아이브,4.27,50ml ," 48,900원",선케어,27,민감성,여,5.0,True
819,톤업 선크림 [SPF50+/PA++++],오아이브,4.27,50ml ," 48,900원",선케어,26,복합성,여,5.0,True
820,톤업 선크림 [SPF50+/PA++++],오아이브,4.27,50ml ," 48,900원",선케어,30,지성,여,5.0,True
821,톤업 선크림 [SPF50+/PA++++],오아이브,4.27,50ml ," 48,900원",선케어,33,건성,여,5.0,True
822,톤업 선크림 [SPF50+/PA++++],오아이브,4.27,50ml ," 48,900원",선케어,29,복합성,여,4.0,True
823,톤업 선크림 [SPF50+/PA++++],오아이브,4.27,50ml ," 48,900원",선케어,25,복합성,여,4.0,True
824,팡팡 빅 선쿠션 유브이 쉴드 [SPF50+/PA++++],엘로엘,4.29,25g ," 45,000원",선케어,23,건성,여,5.0,True
825,팡팡 빅 선쿠션 유브이 쉴드 [SPF50+/PA++++],엘로엘,4.29,25g ," 45,000원",선케어,35,지성,여,5.0,True
826,팡팡 빅 선쿠션 유브이 쉴드 [SPF50+/PA++++],엘로엘,4.29,25g ," 45,000원",선케어,26,복합성,여,4.0,True
828,팡팡 빅 선쿠션 유브이 쉴드 [SPF50+/PA++++],엘로엘,4.29,25g ," 45,000원",선케어,22,민감성,여,5.0,True
829,팡팡 빅 선쿠션 유브이 쉴드 [SPF50+/PA++++],엘로엘,4.29,25g ," 45,000원",선케어,32,복합성,여,4.0,True
830,팡팡 빅 선쿠션 유브이 쉴드 [SPF50+/PA++++],엘로엘,4.29,25g ," 45,000원",선케어,26,건성,여,5.0,True
832,산소수 생기 톤업 선 쿠션 [SPF50+/PA++++],식물나라,4.26,15g ," 17,800원",선케어,29,건성,여,5.0,True
834,산소수 생기 톤업 선 쿠션 [SPF50+/PA++++],식물나라,4.26,15g ," 17,800원",선케어,16,복합성,여,5.0,True
835,산소수 생기 톤업 선 쿠션 [SPF50+/PA++++],식물나라,4.26,15g ," 17,800원",선케어,31,지성,여,4.0,True
836,산소수 생기 톤업 선 쿠션 [SPF50+/PA++++],식물나라,4.26,15g ," 17,800원",선케어,29,건성,여,5.0,True
837,산소수 생기 톤업 선 쿠션 [SPF50+/PA++++],식물나라,4.26,15g ," 17,800원",선케어,28,복합성,여,4.0,True
838,산소수 생기 톤업 선 쿠션 [SPF50+/PA++++],식물나라,4.26,15g ," 17,800원",선케어,28,건성,여,5.0,True
839,산소수 생기 톤업 선 쿠션 [SPF50+/PA++++],식물나라,4.26,15g ," 17,800원",선케어,23,민감성,여,4.0,True
840,산소수 생기 톤업 선 쿠션 [SPF50+/PA++++],식물나라,4.26,15g ," 17,800원",선케어,24,건성,여,4.0,True
841,산소수 생기 톤업 선 쿠션 [SPF50+/PA++++],식물나라,4.26,15g ," 17,800원",선케어,25,건성,여,5.0,True
842,산소수 생기 톤업 선 쿠션 [SPF50+/PA++++],식물나라,4.26,15g ," 17,800원",선케어,26,민감성,여,5.0,True
843,산소수 생기 톤업 선 쿠션 [SPF50+/PA++++],식물나라,4.26,15g ," 17,800원",선케어,23,복합성,여,5.0,True
844,산소수 생기 톤업 선 쿠션 [SPF50+/PA++++],식물나라,4.26,15g ," 17,800원",선케어,27,복합성,여,4.0,True
845,산소수 생기 톤업 선 쿠션 [SPF50+/PA++++],식물나라,4.26,15g ," 17,800원",선케어,31,복합성,여,4.0,True
846,산소수 생기 톤업 선 쿠션 [SPF50+/PA++++],식물나라,4.26,15g ," 17,800원",선케어,27,복합성,여,5.0,True
847,세이프 블록RX 커버 톤업 선 쿠션 [SPF50+/PA++++],미샤,4.28,14g ," 21,800원",선케어,28,복합성,여,4.0,True
848,세이프 블록RX 커버 톤업 선 쿠션 [SPF50+/PA++++],미샤,4.28,14g ," 21,800원",선케어,25,복합성,여,5.0,True
849,티트리 톤업 선쿠션 [SFP50+PA++++],브링그린,3.75,15g ," 18,000원",선케어,28,건성,여,4.0,True
851,롱 프로텍션 에센스 선팩트 [SPF50+/PA++++],에이지투웨니스,3.87,12.5g*2 ," 38,000원",선케어,33,복합성,여,4.0,True
853,롱 프로텍션 에센스 선팩트 [SPF50+/PA++++],에이지투웨니스,3.87,12.5g*2 ," 38,000원",선케어,34,건성,여,4.0,True
856,세이프 온 수딩 선쿠션 [SPF50+/PA++++],AHC,4.24,25g ," 29,000원",선케어,17,민감성,여,4.0,True
857,큐어 쿨링 선쿠션 시즌2 [SPF50+/PA++++],김정문알로에,4.33,25g ," 50,000원",선케어,27,복합성,여,5.0,True
859,노세범 선쿠션 [SPF50+/PA++++],이니스프리,3.89,14g ," 23,000원",선케어,22,복합성,여,5.0,True
860,내추럴 퍼펙션 더블 쉴드 선스틱 [SPF50+/PA++++],AHC,4.27,22g ," 31,000원",선케어,36,건성,여,4.0,True
862,흰감국 보송 선스틱 [SPF50+/PA++++],한율,4.29,17g ," 23,000원",선케어,39,지성,여,5.0,True
863,흰감국 보송 선스틱 [SPF50+/PA++++],한율,4.29,17g ," 23,000원",선케어,29,복합성,여,5.0,True
864,캘리포니아 알로에 보송 선스틱 [SPF50+/PA++++],네이처리퍼블릭,4.25,24g ," 25,000원",선케어,42,건성,여,4.0,True
865,캘리포니아 알로에 보송 선스틱 [SPF50+/PA++++],네이처리퍼블릭,4.25,24g ," 25,000원",선케어,23,민감성,여,4.0,True
868,마스터즈 에어 리치 선스틱 [SPF50+/PA++++],AHC,4.89,14g ," 21,000원",선케어,30,복합성,여,5.0,True
869,마스터즈 에어 리치 선스틱 [SPF50+/PA++++],AHC,4.89,14g ," 21,000원",선케어,27,지성,여,5.0,True
870,마스터즈 에어 리치 선스틱 [SPF50+/PA++++],AHC,4.89,14g ," 21,000원",선케어,43,민감성,여,5.0,True
871,아쿠아밤 [SPF50+/PA++++],가히,4.12,9g ," 39,000원",선케어,23,복합성,여,4.0,True
872,아쿠아밤 [SPF50+/PA++++],가히,4.12,9g ," 39,000원",선케어,47,복합성,여,4.0,True
873,아쿠아밤 [SPF50+/PA++++],가히,4.12,9g ," 39,000원",선케어,34,민감성,여,5.0,True
874,아쿠아밤 [SPF50+/PA++++],가히,4.12,9g ," 39,000원",선케어,27,건성,여,4.0,True
875,인텐시브 레져 선스틱 [SPF50+/PA++++],이니스프리,4.39,18g ," 19,000원",선케어,33,복합성,여,5.0,True
876,산소수 가벼운 수분 선 젤 [SPF50+/PA++++],식물나라,4.44,60ml ," 13,800원",선케어,32,복합성,여,5.0,True
877,산소수 가벼운 수분 선 젤 [SPF50+/PA++++],식물나라,4.44,60ml ," 13,800원",선케어,27,민감성,여,5.0,True
878,산소수 가벼운 수분 선 젤 [SPF50+/PA++++],식물나라,4.44,60ml ," 13,800원",선케어,27,지성,여,5.0,True
879,산소수 가벼운 수분 선 젤 [SPF50+/PA++++],식물나라,4.44,60ml ," 13,800원",선케어,26,민감성,여,4.0,True
880,산소수 가벼운 수분 선 젤 [SPF50+/PA++++],식물나라,4.44,60ml ," 13,800원",선케어,28,복합성,여,5.0,True
881,산소수 가벼운 수분 선 젤 [SPF50+/PA++++],식물나라,4.44,60ml ," 13,800원",선케어,28,복합성,여,5.0,True
882,산소수 가벼운 수분 선 젤 [SPF50+/PA++++],식물나라,4.44,60ml ," 13,800원",선케어,23,복합성,여,4.0,True
883,산소수 가벼운 수분 선 젤 [SPF50+/PA++++],식물나라,4.44,60ml ," 13,800원",선케어,19,민감성,여,5.0,True
884,산소수 가벼운 수분 선 젤 [SPF50+/PA++++],식물나라,4.44,60ml ," 13,800원",선케어,29,복합성,여,4.0,True
885,산소수 가벼운 수분 선 젤 [SPF50+/PA++++],식물나라,4.44,60ml ," 13,800원",선케어,33,복합성,여,5.0,True
886,산소수 가벼운 수분 선 젤 [SPF50+/PA++++],식물나라,4.44,60ml ," 13,800원",선케어,34,복합성,여,4.0,True
887,산소수 가벼운 수분 선 젤 [SPF50+/PA++++],식물나라,4.44,60ml ," 13,800원",선케어,26,건성,여,5.0,True
888,산소수 가벼운 수분 선 젤 [SPF50+/PA++++],식물나라,4.44,60ml ," 13,800원",선케어,27,복합성,여,4.0,True
889,산소수 가벼운 수분 선 젤 [SPF50+/PA++++],식물나라,4.44,60ml ," 13,800원",선케어,29,중성,여,5.0,True
890,산소수 가벼운 수분 선 젤 [SPF50+/PA++++],식물나라,4.44,60ml ," 13,800원",선케어,25,복합성,여,4.0,True
891,산소수 가벼운 수분 선 젤 [SPF50+/PA++++],식물나라,4.44,60ml ," 13,800원",선케어,31,복합성,여,4.0,True
892,산소수 가벼운 수분 선 젤 [SPF50+/PA++++],식물나라,4.44,60ml ," 13,800원",선케어,24,복합성,여,4.0,True
893,산소수 가벼운 수분 선 젤 [SPF50+/PA++++],식물나라,4.44,60ml ," 13,800원",선케어,29,복합성,여,5.0,True
894,올 어라운드 세이프 블록 아쿠아 선 젤 [SPF50+/PA++++],미샤,4.26,50ml ," 11,800원",선케어,34,복합성,여,5.0,True
895,올 어라운드 세이프 블록 아쿠아 선 젤 [SPF50+/PA++++],미샤,4.26,50ml ," 11,800원",선케어,34,복합성,여,4.0,True
896,UV 아쿠아 리치 워터리 젤 [SPF50+/PA++++],비오레,4.19,90ml , 가격미정,선케어,27,건성,여,5.0,True
897,UV 아쿠아 리치 워터리 젤 [SPF50+/PA++++],비오레,4.19,90ml , 가격미정,선케어,30,건성,여,4.0,True
898,셀러스 선 젤 [SPF50+/PA+++],라곰,4.24,50ml ," 25,000원",선케어,22,민감성,여,4.0,True
900,셀러스 선 젤 [SPF50+/PA+++],라곰,4.24,50ml ," 25,000원",선케어,29,복합성,여,5.0,True
901,셀러스 선 젤 [SPF50+/PA+++],라곰,4.24,50ml ," 25,000원",선케어,33,복합성,여,4.0,True
902,UV 퍼펙트 에어쿨 선 젤 [SPF50+/PA++++],SNP,4.05,50ml ," 20,000원",선케어,27,지성,여,4.0,True
903,UV 퍼펙트 에어쿨 선 젤 [SPF50+/PA++++],SNP,4.05,50ml ," 20,000원",선케어,32,건성,여,5.0,True
904,퍼펙셔니스트 프로 멀티 디펜스 아쿠아 유브이 젤 [SPF50/PA++++],에스티 로더,3.99,30ml ," 60,000원",선케어,28,중성,여,4.0,True
905,퍼펙트 UV 선스크린 스킨케어 젤 A [SPF50+/PA++++],아넷사,4.06,90g ," 28,000원",선케어,44,건성,여,4.0,True
906,퍼펙트 UV 선스크린 스킨케어 젤 A [SPF50+/PA++++],아넷사,4.06,90g ," 28,000원",선케어,26,복합성,여,5.0,True
907,퍼펙트 UV 선스크린 스킨케어 젤 A [SPF50+/PA++++],아넷사,4.06,90g ," 28,000원",선케어,25,지성,여,5.0,True
908,퍼펙트 UV 선스크린 스킨케어 젤 A [SPF50+/PA++++],아넷사,4.06,90g ," 28,000원",선케어,23,복합성,여,5.0,True
909,울트라 라이트 데일리 유브이 디펜스 아쿠아 젤 [SPF50+/PA++++],키엘,4.36,30ml ," 35,000원",선케어,25,지성,남,5.0,True
910,울트라 라이트 데일리 유브이 디펜스 아쿠아 젤 [SPF50+/PA++++],키엘,4.36,30ml ," 35,000원",선케어,29,민감성,여,5.0,True
911,UV 프로텍션 프레쉬 선젤 [SPF50+/PA++++],클라뷰,3.82,50ml ," 20,000원",선케어,30,지성,여,5.0,True
912,화이트닝 UV 선스크린 젤 A [SPF50+/PA++++],아넷사,4.39,90g ," 28,000원",선케어,26,중성,여,5.0,True
914,아쿠아 프로텍션 선 젤 [SPF45/PA++++],인셀덤,4.0,50ml ," 33,000원",선케어,42,복합성,여,5.0,True
915,아쿠아 프로텍션 선 젤 [SPF45/PA++++],인셀덤,4.0,50ml ," 33,000원",선케어,26,민감성,여,5.0,True
916,아쿠아 프로텍션 선 젤 [SPF45/PA++++],인셀덤,4.0,50ml ," 33,000원",선케어,36,복합성,여,5.0,True
917,그린프로폴리스 올커버리선 [SPF50+/PA++++],씨케이디,4.35,40ml ," 26,000원",선케어,23,중성,여,5.0,True
918,그린프로폴리스 올커버리선 [SPF50+/PA++++],씨케이디,4.35,40ml ," 26,000원",선케어,35,민감성,여,4.0,True
919,그린프로폴리스 올커버리선 [SPF50+/PA++++],씨케이디,4.35,40ml ," 26,000원",선케어,31,민감성,여,4.0,True
921,그린프로폴리스 올커버리선 [SPF50+/PA++++],씨케이디,4.35,40ml ," 26,000원",선케어,43,건성,여,5.0,True
922,그린프로폴리스 올커버리선 [SPF50+/PA++++],씨케이디,4.35,40ml ," 26,000원",선케어,39,복합성,여,4.0,True
924,그린프로폴리스 올커버리선 [SPF50+/PA++++],씨케이디,4.35,40ml ," 26,000원",선케어,29,건성,여,4.0,True
925,그린프로폴리스 올커버리선 [SPF50+/PA++++],씨케이디,4.35,40ml ," 26,000원",선케어,19,복합성,여,5.0,True
927,그린프로폴리스 올커버리선 [SPF50+/PA++++],씨케이디,4.35,40ml ," 26,000원",선케어,26,중성,여,5.0,True
928,그린프로폴리스 올커버리선 [SPF50+/PA++++],씨케이디,4.35,40ml ," 26,000원",선케어,35,건성,여,5.0,True
929,그린프로폴리스 올커버리선 [SPF50+/PA++++],씨케이디,4.35,40ml ," 26,000원",선케어,22,복합성,여,5.0,True
930,그린프로폴리스 올커버리선 [SPF50+/PA++++],씨케이디,4.35,40ml ," 26,000원",선케어,24,복합성,여,4.0,True
931,그린프로폴리스 올커버리선 [SPF50+/PA++++],씨케이디,4.35,40ml ," 26,000원",선케어,24,복합성,여,5.0,True
932,그린프로폴리스 올커버리선 [SPF50+/PA++++],씨케이디,4.35,40ml ," 26,000원",선케어,32,복합성,여,5.0,True
933,그린프로폴리스 올커버리선 [SPF50+/PA++++],씨케이디,4.35,40ml ," 26,000원",선케어,24,건성,여,4.0,True
934,스킨 파라다이스 퓨어 모이스처 선 로션 [SPF50+/PA++++],디어달리아,4.33,100ml ," 42,000원",선케어,24,건성,여,4.0,True
935,윙크 선 베이스 [SPF50+/PA+++],자빈드서울,4.28,50g ," 20,000원",선케어,21,복합성,여,5.0,True
937,메이크업 선크림 [SPF50+/PA+++],홀리카홀리카,3.93,60ml ," 9,800원",선케어,28,지성,여,4.0,True
938,메이크업 선크림 [SPF50+/PA+++],홀리카홀리카,3.93,60ml ," 9,800원",선케어,28,중성,여,4.0,True
939,메이크업 선크림 [SPF50+/PA+++],홀리카홀리카,3.93,60ml ," 9,800원",선케어,34,건성,여,5.0,True
940,메이크업 선크림 [SPF50+/PA+++],홀리카홀리카,3.93,60ml ," 9,800원",선케어,25,건성,여,5.0,True
942,메이크업 선크림 [SPF50+/PA+++],홀리카홀리카,3.93,60ml ," 9,800원",선케어,38,지성,여,5.0,True
943,메이크업 선크림 [SPF50+/PA+++],홀리카홀리카,3.93,60ml ," 9,800원",선케어,30,건성,여,5.0,True
944,메이크업 선크림 [SPF50+/PA+++],홀리카홀리카,3.93,60ml ," 9,800원",선케어,27,복합성,여,4.0,True
945,메이크업 선크림 [SPF50+/PA+++],홀리카홀리카,3.93,60ml ," 9,800원",선케어,28,민감성,여,4.0,True
946,메이크업 선크림 [SPF50+/PA+++],홀리카홀리카,3.93,60ml ," 9,800원",선케어,26,복합성,여,4.0,True
947,메이크업 선크림 [SPF50+/PA+++],홀리카홀리카,3.93,60ml ," 9,800원",선케어,28,건성,여,4.0,True
948,메이크업 선크림 [SPF50+/PA+++],홀리카홀리카,3.93,60ml ," 9,800원",선케어,20,지성,여,5.0,True
949,메이크업 선크림 [SPF50+/PA+++],홀리카홀리카,3.93,60ml ," 9,800원",선케어,39,복합성,여,4.0,True
950,메이크업 선크림 [SPF50+/PA+++],홀리카홀리카,3.93,60ml ," 9,800원",선케어,29,민감성,여,5.0,True
951,메이크업 선크림 [SPF50+/PA+++],홀리카홀리카,3.93,60ml ," 9,800원",선케어,24,민감성,여,4.0,True
953,메이크업 선크림 [SPF50+/PA+++],홀리카홀리카,3.93,60ml ," 9,800원",선케어,30,지성,여,5.0,True
954,메이크업 선크림 [SPF50+/PA+++],홀리카홀리카,3.93,60ml ," 9,800원",선케어,26,지성,여,5.0,True
955,메이크업 선크림 [SPF50+/PA+++],홀리카홀리카,3.93,60ml ," 9,800원",선케어,36,복합성,여,4.0,True
956,메이크업 선크림 [SPF50+/PA+++],홀리카홀리카,3.93,60ml ," 9,800원",선케어,27,복합성,여,5.0,True
957,메이크업 선크림 [SPF50+/PA+++],홀리카홀리카,3.93,60ml ," 9,800원",선케어,24,복합성,여,5.0,True
958,메이크업 선크림 [SPF50+/PA+++],홀리카홀리카,3.93,60ml ," 9,800원",선케어,27,복합성,여,4.0,True
959,메이크업 선크림 [SPF50+/PA+++],홀리카홀리카,3.93,60ml ," 9,800원",선케어,30,민감성,여,5.0,True
960,메이크업 선크림 [SPF50+/PA+++],홀리카홀리카,3.93,60ml ," 9,800원",선케어,31,건성,여,4.0,True
962,메이크업 선크림 [SPF50+/PA+++],홀리카홀리카,3.93,60ml ," 9,800원",선케어,30,건성,여,5.0,True
963,데일리 디펜스 멀티 선 크림 [SPF50+/PA++++],일리윤,4.0,50ml ," 19,900원",선케어,27,복합성,여,4.0,True
964,어반 쉐이드 모이스처 리페어 선 [SPF50+/PA++++],듀이트리,4.0,50ml ," 30,000원",선케어,32,건성,여,4.0,True
966,매직선 [SPF50+/PA+++],스텔비,3.82,70ml ," 19,000원",선케어,29,복합성,여,4.0,True
967,캄 유브이 블럭 선미스트 [SPF50+/PA++++],데이비,4.8,75ml ," 21,000원",선케어,55,지성,여,5.0,True
968,시카 선 스프레이 [SPF50+/PA+++],VT COSMETICS,3.14,150ml ," 15,000원",선케어,31,복합성,여,5.0,True
971,시카 선 스프레이 [SPF50+/PA+++],VT COSMETICS,3.14,150ml ," 15,000원",선케어,28,건성,여,4.0,True
972,시카 선 스프레이 [SPF50+/PA+++],VT COSMETICS,3.14,150ml ," 15,000원",선케어,35,건성,여,4.0,True
973,쿨 드라이 스포츠 선스크린 브로드 스펙트럼 스프레이 [SPF50+/PA+++],뉴트로지나,3.25,155g ," 23,500원",선케어,30,민감성,여,4.0,True
974,쿨 드라이 스포츠 선스크린 브로드 스펙트럼 스프레이 [SPF50+/PA+++],뉴트로지나,3.25,155g ," 23,500원",선케어,28,민감성,여,4.0,True
975,쿨 드라이 스포츠 선스크린 브로드 스펙트럼 스프레이 [SPF50+/PA+++],뉴트로지나,3.25,155g ," 23,500원",선케어,22,복합성,여,4.0,True
978,태닝오일 스프레이 [SPF8],오스트레일리안골드,4.05,237ml ," 23,000원",선케어,38,복합성,여,4.0,True
979,태닝오일 스프레이 [SPF8],오스트레일리안골드,4.05,237ml ," 23,000원",선케어,28,민감성,여,4.0,True
980,태닝오일 스프레이 [SPF8],오스트레일리안골드,4.05,237ml ," 23,000원",선케어,29,건성,여,4.0,True
981,태닝오일 스프레이 [SPF8],오스트레일리안골드,4.05,237ml ," 23,000원",선케어,30,민감성,여,4.0,True
982,태닝오일 스프레이 [SPF8],오스트레일리안골드,4.05,237ml ," 23,000원",선케어,26,건성,여,4.0,True
983,태닝오일 스프레이 [SPF8],오스트레일리안골드,4.05,237ml ," 23,000원",선케어,22,건성,여,4.0,True
985,태닝오일 스프레이 [SPF8],오스트레일리안골드,4.05,237ml ," 23,000원",선케어,27,지성,여,4.0,True
986,태닝오일 스프레이 [SPF8],오스트레일리안골드,4.05,237ml ," 23,000원",선케어,24,복합성,여,4.0,True
987,태닝오일 스프레이 [SPF8],오스트레일리안골드,4.05,237ml ," 23,000원",선케어,32,복합성,여,4.0,True
989,태닝오일 스프레이 [SPF8],오스트레일리안골드,4.05,237ml ," 23,000원",선케어,27,민감성,여,5.0,True
990,태닝오일 스프레이 [SPF8],오스트레일리안골드,4.05,237ml ," 23,000원",선케어,29,복합성,여,4.0,True
991,태닝오일 스프레이 [SPF8],오스트레일리안골드,4.05,237ml ," 23,000원",선케어,33,지성,여,4.0,True
992,태닝오일 스프레이 [SPF8],오스트레일리안골드,4.05,237ml ," 23,000원",선케어,26,복합성,여,5.0,True
993,태닝오일 스프레이 [SPF8],오스트레일리안골드,4.05,237ml ," 23,000원",선케어,32,복합성,여,4.0,True
994,태닝오일 스프레이 [SPF8],오스트레일리안골드,4.05,237ml ," 23,000원",선케어,32,건성,여,5.0,True
995,태닝오일 스프레이 [SPF8],오스트레일리안골드,4.05,237ml ," 23,000원",선케어,32,지성,여,4.0,True
996,다크 태닝 블렌딩 오일,하와이안 트로픽,3.45,240ml ," 13,500원",선케어,28,건성,여,4.0,True
998,다크 태닝 블렌딩 오일,하와이안 트로픽,3.45,240ml ," 13,500원",선케어,28,건성,여,4.0,True
999,다크 태닝 블렌딩 오일,하와이안 트로픽,3.45,240ml ," 13,500원",선케어,26,민감성,여,4.0,True
1000,다크 태닝 블렌딩 오일,하와이안 트로픽,3.45,240ml ," 13,500원",선케어,30,지성,여,4.0,True
1001,다크 태닝 블렌딩 오일,하와이안 트로픽,3.45,240ml ," 13,500원",선케어,28,건성,여,4.0,True
1003,다크 태닝 블렌딩 오일,하와이안 트로픽,3.45,240ml ," 13,500원",선케어,33,건성,여,4.0,True
1004,다크 태닝 블렌딩 오일,하와이안 트로픽,3.45,240ml ," 13,500원",선케어,30,지성,여,4.0,True
1007,다크 태닝 블렌딩 오일,하와이안 트로픽,3.45,240ml ," 13,500원",선케어,34,복합성,여,4.0,True
1010,엑셀러레이터 다크 태닝 스프레이 젤,오스트레일리안골드,3.71,237ml ," 23,000원",선케어,30,지성,여,4.0,True
1011,엑셀러레이터 다크 태닝 스프레이 젤,오스트레일리안골드,3.71,237ml ," 23,000원",선케어,39,복합성,여,4.0,True
1013,인텐시파이어 브론징 드라이 태닝오일 스프레이,오스트레일리안골드,3.71,237ml ," 26,000원",선케어,30,지성,여,4.0,True
1015,인텐시파이어 브론징 드라이 태닝오일 스프레이,오스트레일리안골드,3.71,237ml ," 26,000원",선케어,39,복합성,여,4.0,True
1016,다크 태닝 오일 선스크린 스프레이 [SPF4],하와이안 트로픽,4.0,240ml ," 13,500원",선케어,40,복합성,여,4.0,True
1017,다크 태닝 오일 선스크린 스프레이 [SPF4],하와이안 트로픽,4.0,240ml ," 13,500원",선케어,36,복합성,여,4.0,True
1018,매직 브론즈 셀프태닝 오일 미스트,비엘렌다,4.0,150ml ," 25,000원",선케어,33,복합성,여,4.0,True
1019,수딩 알로에 베라 젤,아로마티카,4.55,500ml ," 16,000원",선케어,56,건성,여,5.0,True
1020,수딩 알로에 베라 젤,아로마티카,4.55,500ml ," 16,000원",선케어,30,건성,여,5.0,True
1021,수딩 알로에 베라 젤,아로마티카,4.55,500ml ," 16,000원",선케어,28,건성,여,5.0,True
1022,수딩 알로에 베라 젤,아로마티카,4.55,500ml ," 16,000원",선케어,22,복합성,여,4.0,True
1023,수딩 알로에 베라 젤,아로마티카,4.55,500ml ," 16,000원",선케어,19,건성,여,5.0,True
1024,수딩 알로에 베라 젤,아로마티카,4.55,500ml ," 16,000원",선케어,33,건성,여,5.0,True
1025,수딩 알로에 베라 젤,아로마티카,4.55,500ml ," 16,000원",선케어,23,복합성,여,5.0,True
1026,수딩 알로에 베라 젤,아로마티카,4.55,500ml ," 16,000원",선케어,31,복합성,여,5.0,True
1027,수딩 알로에 베라 젤,아로마티카,4.55,500ml ," 16,000원",선케어,28,복합성,여,5.0,True
1028,수딩 알로에 베라 젤,아로마티카,4.55,500ml ," 16,000원",선케어,25,민감성,여,5.0,True
1029,수딩 알로에 베라 젤,아로마티카,4.55,500ml ," 16,000원",선케어,26,복합성,여,4.0,True
1030,수딩 알로에 베라 젤,아로마티카,4.55,500ml ," 16,000원",선케어,30,건성,여,4.0,True
1031,알로에 99% 수딩 젤,브링그린,4.44,300ml ," 6,800원",선케어,17,지성,여,5.0,True
1033,알로에 99% 수딩젤,홀리카홀리카,4.33,250ml ," 6,800원",선케어,31,건성,여,4.0,True
1034,알로에 99% 수딩젤,홀리카홀리카,4.33,250ml ," 6,800원",선케어,28,복합성,여,4.0,True
1035,알로에 99% 수딩젤,홀리카홀리카,4.33,250ml ," 6,800원",선케어,23,복합성,여,4.0,True
1036,알로에 99% 수딩젤,홀리카홀리카,4.33,250ml ," 6,800원",선케어,31,건성,여,5.0,True
1037,알로에 99% 수딩젤,홀리카홀리카,4.33,250ml ," 6,800원",선케어,43,민감성,여,5.0,True
1038,세라마이드 아토 수딩 젤,일리윤,4.37,175ml ," 19,900원",선케어,33,복합성,여,4.0,True
1039,세라마이드 아토 수딩 젤,일리윤,4.37,175ml ," 19,900원",선케어,23,복합성,여,5.0,True
1040,세라마이드 아토 수딩 젤,일리윤,4.37,175ml ," 19,900원",선케어,30,복합성,여,5.0,True
1041,선인장 수딩젤,야다,4.74,250ml ," 14,500원",선케어,31,건성,여,5.0,True
1042,선인장 수딩젤,야다,4.74,250ml ," 14,500원",선케어,36,복합성,여,5.0,True
1043,선인장 수딩젤,야다,4.74,250ml ," 14,500원",선케어,28,건성,여,4.0,True
1044,알로에 99% 촉촉 수딩젤,토니모리,4.32,250ml ," 3,900원",선케어,24,민감성,여,5.0,True
1045,큐어 알로에 수딩젤,김정문알로에,4.36,150ml ," 25,000원",선케어,35,복합성,여,4.0,True
1046,시카 카밍 젤,아로마티카,4.42,300ml ," 10,000원",선케어,28,복합성,여,5.0,True
1047,시카 카밍 젤,아로마티카,4.42,300ml ," 10,000원",선케어,36,복합성,여,4.0,True
1049,알로에 에센셜 [지성용],시드물,4.17,165ml ," 8,900원",선케어,32,복합성,여,4.0,True
1050,알로에 에센셜 [지성용],시드물,4.17,165ml ," 8,900원",선케어,23,복합성,여,5.0,True
1051,제주 대나무 수딩젤,비욘드,4.16,270ml ," 7,000원",선케어,31,건성,여,5.0,True
1052,신선한 제주 알로에 수딩젤,더페이스샵,4.07,300ml ," 4,500원",선케어,30,건성,여,4.0,True
1053,알로에 베라 96 수딩겔,시드물,4.18,120ml ," 9,600원",선케어,27,복합성,여,4.0,True
1054,티트리 에센셜,시드물,3.95,165ml ," 13,800원",선케어,16,복합성,여,5.0,True
1056,카밍 밸런서 수딩젤,인셀덤,4.29,100ml ," 39,000원",선케어,42,복합성,여,5.0,True
1057,프로폴리스 수딩 솔루션,이솔,3.9,70ml ," 9,900원",선케어,36,지성,여,5.0,True
1059,에코 모이스처 로션,닥터바이오,4.58,480ml ," 20,400원",제모용품,40,건성,여,5.0,True
1060,에코 모이스처 로션,닥터바이오,4.58,480ml ," 20,400원",제모용품,33,복합성,여,4.0,True
1061,세라마이드 아토 집중 크림,일리윤,4.41,200ml ," 19,900원",제모용품,50,복합성,여,4.0,True
1062,세라마이드 아토 집중 크림,일리윤,4.41,200ml ," 19,900원",제모용품,22,복합성,여,5.0,True
1063,세라마이드 아토 집중 크림,일리윤,4.41,200ml ," 19,900원",제모용품,32,복합성,여,4.0,True
1064,데일리 모이스처 바디 로션,더마비,4.43,400ml ," 16,000원",제모용품,26,복합성,여,5.0,True
1065,데일리 모이스처 바디 로션,더마비,4.43,400ml ," 16,000원",제모용품,25,복합성,여,5.0,True
1066,데일리 모이스처 바디 로션,더마비,4.43,400ml ," 16,000원",제모용품,29,복합성,여,5.0,True
1067,세라마이드 아토 로션,일리윤,4.42,350ml ," 19,900원",제모용품,25,민감성,여,5.0,True
1068,세라마이드 아토 로션,일리윤,4.42,350ml ," 19,900원",제모용품,30,민감성,여,5.0,True
1069,세라마이드 아토 로션,일리윤,4.42,350ml ," 19,900원",제모용품,21,민감성,여,4.0,True
1070,울트라 모이스처 바디 크림,더마비,4.42,430ml ," 23,000원",제모용품,40,건성,여,5.0,True
1071,스킨 릴리프 모이스춰라이징 로션,아비노,4.31,354ml ," 19,900원",제모용품,22,건성,여,5.0,True
1072,울트라 리페어 로션,일리윤,4.37,350ml ," 19,900원",제모용품,32,건성,여,5.0,True
1073,울트라 리페어 로션,일리윤,4.37,350ml ," 19,900원",제모용품,28,복합성,여,4.0,True
1074,모이스춰라이징 로션,세타필,4.34,473ml ," 19,000원",제모용품,32,건성,여,5.0,True
1075,아토덤 크림,바이오더마,4.33,500ml ," 36,000원",제모용품,35,복합성,여,5.0,True
1076,슬리피,러쉬,4.34,225g ," 44,000원",제모용품,26,민감성,여,4.0,True
1077,오리지널 프로텍팅 젤리,바세린,4.58,100ml ," 3,200원",제모용품,39,민감성,여,5.0,True
1078,오리지널 프로텍팅 젤리,바세린,4.58,100ml ," 3,200원",제모용품,22,지성,여,5.0,True
1079,오리지널 프로텍팅 젤리,바세린,4.58,100ml ," 3,200원",제모용품,31,건성,여,5.0,True
1080,오리지널 프로텍팅 젤리,바세린,4.58,100ml ," 3,200원",제모용품,16,건성,여,4.0,True
1081,오리지널 프로텍팅 젤리,바세린,4.58,100ml ," 3,200원",제모용품,26,민감성,여,5.0,True
1082,오리지널 프로텍팅 젤리,바세린,4.58,100ml ," 3,200원",제모용품,25,지성,여,5.0,True
1083,오리지널 프로텍팅 젤리,바세린,4.58,100ml ," 3,200원",제모용품,24,복합성,여,5.0,True
1084,오리지널 프로텍팅 젤리,바세린,4.58,100ml ," 3,200원",제모용품,22,복합성,여,5.0,True
1085,오리지널 프로텍팅 젤리,바세린,4.58,100ml ," 3,200원",제모용품,26,중성,여,5.0,True
1086,바디 오일 모로칸 가드너,헉슬리,4.47,100ml ," 45,000원",제모용품,36,민감성,여,5.0,True
1087,바디 오일 모로칸 가드너,헉슬리,4.47,100ml ," 45,000원",제모용품,30,민감성,여,5.0,True
1088,바디 오일 모로칸 가드너,헉슬리,4.47,100ml ," 45,000원",제모용품,42,복합성,여,5.0,True
1089,바디 오일 모로칸 가드너,헉슬리,4.47,100ml ," 45,000원",제모용품,25,복합성,여,5.0,True
1090,바디 오일 모로칸 가드너,헉슬리,4.47,100ml ," 45,000원",제모용품,37,민감성,여,5.0,True
1092,바디 오일 모로칸 가드너,헉슬리,4.47,100ml ," 45,000원",제모용품,27,복합성,여,5.0,True
1093,마마 비 너리싱 바디 오일,버츠비,4.43,115ml ," 16,000원",제모용품,39,복합성,여,4.0,True
1094,데일리 모이스처 바디 오일,더마비,4.24,200ml ," 15,000원",제모용품,30,건성,여,5.0,True
1095,데일리 모이스처 바디 오일,더마비,4.24,200ml ," 15,000원",제모용품,28,복합성,여,4.0,True
1096,데일리 모이스처 바디 오일,더마비,4.24,200ml ," 15,000원",제모용품,29,복합성,여,5.0,True
1097,데일리 모이스처 바디 오일,더마비,4.24,200ml ," 15,000원",제모용품,27,중성,여,5.0,True
1098,데일리 모이스처 바디 오일,더마비,4.24,200ml ," 15,000원",제모용품,30,민감성,여,5.0,True
1100,레스큐 오인트먼트,버츠비,4.17,15g ," 13,000원",제모용품,34,복합성,여,4.0,True
1101,레스큐 오인트먼트,버츠비,4.17,15g ," 13,000원",제모용품,24,민감성,여,5.0,True
1102,인텐시브 베리어 멀티 오일,더마비,4.05,135ml ," 14,000원",제모용품,29,건성,여,4.0,True
1103,인텐시브 베리어 멀티 오일,더마비,4.05,135ml ," 14,000원",제모용품,40,건성,여,5.0,True
1104,인텐시브 베리어 멀티 오일,더마비,4.05,135ml ," 14,000원",제모용품,31,민감성,여,5.0,True
1105,윌 앙띠끄 바디오일 [리켄 데코스],불리 1803,4.73,190ml ," 99,000원",제모용품,32,건성,여,5.0,True
1106,퓨어 시어 버터,록시땅,3.96,150ml ," 55,000원",제모용품,40,건성,여,5.0,True
1108,드라이플라워 바디 앤 헤어 미스트 [안개초],라운드어라운드,4.42,100ml ," 9,800원",제모용품,29,복합성,여,5.0,True
1109,바디미스트 [아쿠아키스],빅토리아시크릿,4.24,250ml , 가격미정,제모용품,34,민감성,여,4.0,True
1111,웨딩데이 판타지 바디스프레이,바디판타지,4.2,94ml ," 10,000원",제모용품,29,복합성,여,4.0,True
1112,웨딩데이 판타지 바디스프레이,바디판타지,4.2,94ml ," 10,000원",제모용품,27,복합성,여,5.0,True
1113,웨딩데이 판타지 바디스프레이,바디판타지,4.2,94ml ," 10,000원",제모용품,26,복합성,여,4.0,True
1114,웨딩데이 판타지 바디스프레이,바디판타지,4.2,94ml ," 10,000원",제모용품,22,건성,여,4.0,True
1116,바디미스트 [화이트포션],바디홀릭,4.23,50ml ," 9,900원",제모용품,25,지성,여,4.0,True
1117,바디미스트 [바이올렛포션],바디홀릭,4.3,50ml ," 9,900원",제모용품,29,건성,여,5.0,True
1118,보디 스프레이 [대드스 가든 레몬 트리],러쉬,4.18,200ml ," 50,000원",제모용품,32,복합성,여,4.0,True
1119,보디 스프레이 [트와일라잇],러쉬,4.25,200ml ," 50,000원",제모용품,24,중성,여,5.0,True
1120,스톡홀름로즈 파인프라그란스 헤어 & 바디미스트,더프트앤도프트,4.17,100ml ," 13,800원",제모용품,26,복합성,여,4.0,True
1121,퓨어 프래그런스 바디 스프레이 퍼플 코튼 판타지,바디판타지,4.19,118ml ," 12,000원",제모용품,22,건성,여,4.0,True
1122,핑크브리즈 파인프라그란스 헤어 & 바디미스트,더프트앤도프트,4.14,100ml ," 13,800원",제모용품,24,건성,여,4.0,True
1123,클리어 바디미스트,낫포유,4.07,200ml ," 29,900원",제모용품,31,건성,여,5.0,True
1124,클리어 바디미스트,낫포유,4.07,200ml ," 29,900원",제모용품,33,건성,여,5.0,True
1126,클리어 바디미스트,낫포유,4.07,200ml ," 29,900원",제모용품,23,지성,여,4.0,True
1128,타이거밤 넥앤숄더 크림,타이거밤,4.5,50g ," 12,000원",제모용품,27,지성,여,5.0,True
1129,타이거밤 넥앤숄더 크림,타이거밤,4.5,50g ," 12,000원",제모용품,33,건성,여,4.0,True
1130,타이거밤 넥앤숄더 크림,타이거밤,4.5,50g ," 12,000원",제모용품,30,건성,여,4.0,True
1131,타이거밤 넥앤숄더 크림,타이거밤,4.5,50g ," 12,000원",제모용품,35,복합성,여,5.0,True
1132,타이거밤 넥앤숄더 크림,타이거밤,4.5,50g ," 12,000원",제모용품,27,복합성,여,4.0,True
1133,타이거밤 넥앤숄더 크림,타이거밤,4.5,50g ," 12,000원",제모용품,30,지성,여,5.0,True
1135,타이거밤 넥앤숄더 크림,타이거밤,4.5,50g ," 12,000원",제모용품,28,건성,여,4.0,True
1136,셀다운 너리싱 크림,얼스레시피,3.79,200ml ," 42,000원",제모용품,31,복합성,여,4.0,True
1138,바디슬리밍 핫 테라피 크림,유라인코스메틱,3.9,120ml ," 50,000원",제모용품,21,건성,여,4.0,True
1140,피곤하지 마사지 볼,어퓨,4.23,1p ," 5,000원",제모용품,23,건성,여,5.0,True
1141,피곤하지 마사지 볼,어퓨,4.23,1p ," 5,000원",제모용품,42,복합성,여,5.0,True
1142,버치 셀룰라이트 오일,벨레다,4.36,100ml ," 40,000원",제모용품,37,복합성,여,5.0,True
1143,버치 셀룰라이트 오일,벨레다,4.36,100ml ," 40,000원",제모용품,33,복합성,여,5.0,True
1144,버치 셀룰라이트 오일,벨레다,4.36,100ml ," 40,000원",제모용품,30,복합성,여,4.0,True
1145,버치 셀룰라이트 오일,벨레다,4.36,100ml ," 40,000원",제모용품,37,복합성,여,4.0,True
1146,버치 셀룰라이트 오일,벨레다,4.36,100ml ," 40,000원",제모용품,38,지성,여,5.0,True
1147,갈바닉 스파 시스템 에이지락바디,뉴스킨,3.55,용량미정 ," 350,000원",제모용품,34,복합성,여,5.0,True
1148,갈바닉 스파 시스템 에이지락바디,뉴스킨,3.55,용량미정 ," 350,000원",제모용품,30,지성,여,5.0,True
1149,바디 리프트 컨트롤,클라랑스,3.4,200ml ," 74,000원",제모용품,52,민감성,여,4.0,True
1150,바디 리프트 컨트롤,클라랑스,3.4,200ml ," 74,000원",제모용품,42,민감성,여,5.0,True
1152,스파클링 부스터,더유핏,5.0,150ml ," 24,900원",제모용품,32,건성,여,5.0,True
1153,스파클링 부스터,더유핏,5.0,150ml ," 24,900원",제모용품,33,건성,여,5.0,True
1156,바디 핏 엑스퍼트 카피톤,클라랑스,3.6,200ml ," 80,000원",제모용품,32,지성,여,5.0,True
1158,레그 서포터,알자토,5.0,2ea , 가격미정,제모용품,29,건성,여,5.0,True
1159,레그 서포터,알자토,5.0,2ea , 가격미정,제모용품,35,민감성,여,5.0,True
1160,수퍼 레스토러티브 바디 케어,클라랑스,4.5,200 ml ," 92,000원",제모용품,33,중성,여,5.0,True
1162,실루엣 고주파 바디관리기,실큰,4.5,1ea ," 590,000원",제모용품,26,민감성,여,5.0,True
1163,미네랄 데오드란트 스틱,크리스탈,4.51,120g ," 12,000원",제모용품,27,건성,여,5.0,True
1164,미네랄 데오드란트 스틱,크리스탈,4.51,120g ," 12,000원",제모용품,24,복합성,여,5.0,True
1165,미네랄 데오드란트 스틱,크리스탈,4.51,120g ," 12,000원",제모용품,27,건성,여,5.0,True
1166,미네랄 데오드란트 스틱,크리스탈,4.51,120g ," 12,000원",제모용품,28,복합성,여,5.0,True
1167,미네랄 데오드란트 스틱,크리스탈,4.51,120g ," 12,000원",제모용품,24,건성,여,4.0,True
1170,슈퍼 쿨링 파우더 시트 [클린 솝],미스사사,4.13,15ea ," 4,900원",제모용품,27,건성,여,4.0,True
1171,슈퍼 쿨링 파우더 시트 [클린 솝],미스사사,4.13,15ea ," 4,900원",제모용품,32,민감성,여,5.0,True
1172,데오도란트,이솝,4.41,50ml ," 39,000원",제모용품,39,건성,여,4.0,True
1174,데오드란트 미스트 내추럴리굿 그린티,니베아,4.28,75ml ," 11,500원",제모용품,28,복합성,여,5.0,True
1176,데오드란트 미스트 내추럴리굿 그린티,니베아,4.28,75ml ," 11,500원",제모용품,25,중성,여,4.0,True
1177,데오드란트 미스트 내추럴리굿 그린티,니베아,4.28,75ml ," 11,500원",제모용품,27,복합성,여,4.0,True
1178,데오드란트 미스트 내추럴리굿 그린티,니베아,4.28,75ml ," 11,500원",제모용품,27,지성,여,5.0,True
1179,데오드란트 미스트 내추럴리굿 그린티,니베아,4.28,75ml ," 11,500원",제모용품,26,민감성,여,4.0,True
1180,데오드란트 미스트 내추럴리굿 그린티,니베아,4.28,75ml ," 11,500원",제모용품,24,복합성,여,5.0,True
1181,데오드란트 미스트 내추럴리굿 그린티,니베아,4.28,75ml ," 11,500원",제모용품,25,복합성,여,5.0,True
1182,데오드란트 미스트 내추럴리굿 그린티,니베아,4.28,75ml ," 11,500원",제모용품,27,지성,여,4.0,True
1183,데오드란트 미스트 내추럴리굿 그린티,니베아,4.28,75ml ," 11,500원",제모용품,28,건성,여,5.0,True
1184,데오드란트 미스트 내추럴리굿 그린티,니베아,4.28,75ml ," 11,500원",제모용품,29,건성,여,4.0,True
1185,데오드란트 미스트 내추럴리굿 그린티,니베아,4.28,75ml ," 11,500원",제모용품,27,복합성,여,4.0,True
1186,데오드란트 미스트 내추럴리굿 그린티,니베아,4.28,75ml ," 11,500원",제모용품,23,지성,여,4.0,True
1187,드라이 콤포트 롤온,니베아,3.76,50ml ," 8,200원",제모용품,25,지성,여,5.0,True
1188,데오드란트 롤온 펄 앤 뷰티,니베아,3.8,50ml ," 8,200원",제모용품,24,복합성,여,5.0,True
1190,엑스트라 화이트 스틱,니베아,3.66,40ml ," 6,300원",제모용품,27,복합성,여,5.0,True
1191,엑스트라 화이트 스틱,니베아,3.66,40ml ," 6,300원",제모용품,36,중성,여,4.0,True
1192,엑스트라 화이트 스틱,니베아,3.66,40ml ," 6,300원",제모용품,19,복합성,여,5.0,True
1193,엑스트라 화이트 스틱,니베아,3.66,40ml ," 6,300원",제모용품,30,건성,여,5.0,True
1195,레그 쿨링젤,랩피토,4.13,150ml ," 14,900원",제모용품,31,복합성,여,5.0,True
1196,레그 쿨링젤,랩피토,4.13,150ml ," 14,900원",제모용품,28,건성,여,4.0,True
1198,쿨링 밸런싱 오일 컨센트레이트,아베다,4.23,7ml ," 32,000원",제모용품,21,민감성,여,4.0,True
1200,쿨링 밸런싱 오일 컨센트레이트,아베다,4.23,7ml ," 32,000원",제모용품,27,복합성,여,5.0,True
1201,쿨링 밸런싱 오일 컨센트레이트,아베다,4.23,7ml ," 32,000원",제모용품,34,복합성,여,5.0,True
1202,쿨링 밸런싱 오일 컨센트레이트,아베다,4.23,7ml ," 32,000원",제모용품,38,민감성,여,4.0,True
1203,쿨링 밸런싱 오일 컨센트레이트,아베다,4.23,7ml ," 32,000원",제모용품,34,지성,여,5.0,True
1204,진저 플라이트 테라피,이솝,4.39,10ml ," 36,000원",제모용품,29,복합성,여,5.0,True
1205,진저 플라이트 테라피,이솝,4.39,10ml ," 36,000원",제모용품,32,건성,여,4.0,True
1206,진저 플라이트 테라피,이솝,4.39,10ml ," 36,000원",제모용품,26,건성,여,4.0,True
1207,진저 플라이트 테라피,이솝,4.39,10ml ," 36,000원",제모용품,31,건성,여,5.0,True
1209,만사쾌신 넥 앤 숄더 크림,마녀공장,4.38,100ml ," 20,000원",제모용품,40,건성,여,4.0,True
1210,레그 쿨링 젤 시트러스,랩피토,4.07,150ml ," 14,900원",제모용품,28,건성,여,4.0,True
1214,스트레스-픽스™ 컨센트레이트,아베다,3.74,7ml ," 32,000원",제모용품,27,복합성,여,4.0,True
1215,릴리프,타이거밤,4.5,25g ," 12,000원",제모용품,31,복합성,여,4.0,True
1216,릴리프,타이거밤,4.5,25g ," 12,000원",제모용품,28,민감성,여,4.0,True
1217,에너자이징 에멀젼 포 타이어드 레그스,클라랑스,4.11,125ml ," 41,000원",제모용품,42,민감성,여,4.0,True
1218,아로마 릴렉싱 마사지 오일,안나홀츠,4.43,300ml ," 21,000원",제모용품,36,복합성,여,4.0,True
1220,모어스키니 여리핏 바디슬리밍 쿨크림,모어벨라,4.67,130g ," 48,000원",제모용품,31,지성,여,4.0,True
1223,핸드 크림 모로칸 가드너,헉슬리,4.45,30ml ," 15,000원",제모용품,21,지성,여,5.0,True
1224,핸드 크림 모로칸 가드너,헉슬리,4.45,30ml ," 15,000원",제모용품,26,지성,여,4.0,True
1225,핸드 크림 모로칸 가드너,헉슬리,4.45,30ml ," 15,000원",제모용품,43,중성,여,5.0,True
1226,핸드 크림 모로칸 가드너,헉슬리,4.45,30ml ," 15,000원",제모용품,27,건성,여,5.0,True
1227,핸드 크림 모로칸 가드너,헉슬리,4.45,30ml ," 15,000원",제모용품,25,복합성,여,5.0,True
1228,핸드 크림 모로칸 가드너,헉슬리,4.45,30ml ," 15,000원",제모용품,27,복합성,여,4.0,True
1229,핸드 크림 모로칸 가드너,헉슬리,4.45,30ml ," 15,000원",제모용품,28,민감성,여,5.0,True
1231,핸드 크림 모로칸 가드너,헉슬리,4.45,30ml ," 15,000원",제모용품,34,지성,여,5.0,True
1232,핸드 크림 모로칸 가드너,헉슬리,4.45,30ml ," 15,000원",제모용품,28,건성,여,4.0,True
1233,핸드 크림 모로칸 가드너,헉슬리,4.45,30ml ," 15,000원",제모용품,27,건성,여,4.0,True
1234,손소독제,퓨렐,4.4,354ml ," 10,900원",제모용품,29,건성,여,5.0,True
1235,카밀 핸드크림 튜브,허바신,4.32,75ml ," 10,000원",제모용품,24,복합성,여,4.0,True
1236,핸드크림 [쏘 희],온호프,4.34,50ml ," 15,000원",제모용품,26,민감성,여,5.0,True
1237,티 룸 핸드크림 [플라워티],브링그린,4.31,30ml ," 3,800원",제모용품,24,복합성,여,5.0,True
1238,발을씻자 코튼풋샴푸 [프레쉬 레몬 민트],온더바디,4.65,385ml ," 9,900원",제모용품,25,지성,여,4.0,True
1239,발을씻자 코튼풋샴푸 [프레쉬 레몬 민트],온더바디,4.65,385ml ," 9,900원",제모용품,25,복합성,여,4.0,True
1240,발을씻자 코튼풋샴푸 [프레쉬 레몬 민트],온더바디,4.65,385ml ," 9,900원",제모용품,31,건성,여,5.0,True
1241,발을씻자 코튼풋샴푸 [프레쉬 레몬 민트],온더바디,4.65,385ml ," 9,900원",제모용품,25,복합성,여,5.0,True
1242,발을씻자 코튼풋샴푸 [프레쉬 레몬 민트],온더바디,4.65,385ml ," 9,900원",제모용품,51,복합성,여,4.0,True
1243,발을씻자 코튼풋샴푸 [프레쉬 레몬 민트],온더바디,4.65,385ml ," 9,900원",제모용품,20,건성,여,5.0,True
1244,발을씻자 코튼풋샴푸 [프레쉬 레몬 민트],온더바디,4.65,385ml ," 9,900원",제모용품,32,건성,여,5.0,True
1245,발을씻자 코튼풋샴푸 [프레쉬 레몬 민트],온더바디,4.65,385ml ," 9,900원",제모용품,26,지성,여,5.0,True
1246,발을씻자 코튼풋샴푸 [프레쉬 자몽 민트],온더바디,4.69,385ml ," 9,900원",제모용품,34,건성,여,5.0,True
1247,발을씻자 코튼풋샴푸 [프레쉬 자몽 민트],온더바디,4.69,385ml ," 9,900원",제모용품,28,건성,여,4.0,True
1248,발을씻자 코튼풋샴푸 [프레쉬 자몽 민트],온더바디,4.69,385ml ," 9,900원",제모용품,35,복합성,여,5.0,True
1249,발을씻자 코튼풋샴푸 [프레쉬 자몽 민트],온더바디,4.69,385ml ," 9,900원",제모용품,28,민감성,여,5.0,True
1250,인텐스 리페어 풋크림,뉴트로지나,4.44,56g ," 8,900원",제모용품,20,민감성,여,5.0,True
1251,인텐스 리페어 풋크림,뉴트로지나,4.44,56g ," 8,900원",제모용품,28,복합성,여,5.0,True
1252,인텐스 리페어 풋크림,뉴트로지나,4.44,56g ," 8,900원",제모용품,34,지성,여,5.0,True
1253,인텐스 리페어 풋크림,뉴트로지나,4.44,56g ," 8,900원",제모용품,32,건성,여,5.0,True
1254,인텐스 리페어 풋크림,뉴트로지나,4.44,56g ," 8,900원",제모용품,34,건성,여,4.0,True
1255,인텐스 리페어 풋크림,뉴트로지나,4.44,56g ," 8,900원",제모용품,46,민감성,남,5.0,True
1256,인텐스 리페어 풋크림,뉴트로지나,4.44,56g ," 8,900원",제모용품,27,중성,여,5.0,True
1257,시어 버터 풋 크림,록시땅,4.32,150ml ," 39,000원",제모용품,31,건성,여,4.0,True
1258,시어 버터 풋 크림,록시땅,4.32,150ml ," 39,000원",제모용품,34,건성,여,5.0,True
1259,풋 케어 크림,히말라야,4.17,75g ," 9,900원",제모용품,20,복합성,여,4.0,True
1260,풋 케어 크림,히말라야,4.17,75g ," 9,900원",제모용품,18,지성,여,5.0,True
1261,샤이니 풋 슈퍼 필링 리퀴드,토니모리,4.12,25ml*2 ," 8,800원",제모용품,34,지성,여,4.0,True
1262,발샴푸,티타니아,4.11,300ml ," 17,000원",제모용품,37,복합성,여,5.0,True
1263,우레아9.8 풋 크림,더마비,4.47,50ml ," 8,000원",제모용품,37,복합성,여,5.0,True
1264,우레아9.8 풋 크림,더마비,4.47,50ml ," 8,000원",제모용품,24,복합성,여,4.0,True
1265,우레아9.8 풋 크림,더마비,4.47,50ml ," 8,000원",제모용품,32,복합성,여,5.0,True
1266,우레아9.8 풋 크림,더마비,4.47,50ml ," 8,000원",제모용품,30,복합성,여,5.0,True
1267,고운발 크림,웰빙헬스팜,4.81,110g ," 12,000원",제모용품,31,건성,여,4.0,True
1268,고운발 크림,웰빙헬스팜,4.81,110g ," 12,000원",제모용품,31,건성,여,5.0,True
1269,고운발 크림,웰빙헬스팜,4.81,110g ," 12,000원",제모용품,33,건성,여,5.0,True
1270,고운발 크림,웰빙헬스팜,4.81,110g ," 12,000원",제모용품,41,복합성,여,5.0,True
1271,고운발 크림,웰빙헬스팜,4.81,110g ," 12,000원",제모용품,32,복합성,여,5.0,True
1272,고운발 크림,웰빙헬스팜,4.81,110g ," 12,000원",제모용품,39,민감성,여,5.0,True
1273,풋 릴리프™,아베다,4.52,125ml ," 40,000원",제모용품,44,건성,여,5.0,True
1274,발을씻자 코튼풋샴푸 [쿨링],온더바디,4.21,385ml ," 9,900원",제모용품,31,건성,여,5.0,True
1275,발을씻자 코튼풋샴푸 [쿨링],온더바디,4.21,385ml ," 9,900원",제모용품,25,건성,여,5.0,True
1276,더 컴포터,러쉬,4.59,200g ," 18,000원",제모용품,23,복합성,여,5.0,True
1277,솔티 허니 바디 스크럽,솔테라피,4.6,250g ," 25,000원",제모용품,27,복합성,여,4.0,True
1278,토탈 리커버리 샤워크림,비욘드,4.44,250ml ," 13,500원",제모용품,39,복합성,여,4.0,True
1279,섹스 밤,러쉬,4.4,200g ," 12,000원",제모용품,30,복합성,여,4.0,True
1280,인터갈락틱,러쉬,4.43,200g ," 17,000원",제모용품,25,복합성,여,5.0,True
1281,인터갈락틱,러쉬,4.43,200g ," 17,000원",제모용품,24,건성,여,4.0,True
1282,세라마이드 아토 6.0 탑투토워시,일리윤,4.37,500ml ," 14,900원",제모용품,30,지성,여,5.0,True
1283,화이트 톤업 바디 세럼 [SPF21],나인위시스,4.06,150ml ," 32,000원",제모용품,31,지성,여,5.0,True
1284,화이트 톤업 바디 세럼 [SPF21],나인위시스,4.06,150ml ," 32,000원",제모용품,30,건성,여,4.0,True
1285,화이트 톤업 바디 세럼 [SPF21],나인위시스,4.06,150ml ," 32,000원",제모용품,23,건성,여,4.0,True
1288,화이트 톤업 바디 세럼 [SPF21],나인위시스,4.06,150ml ," 32,000원",제모용품,30,복합성,여,4.0,True
1290,화이트 톤업 바디 세럼 [SPF21],나인위시스,4.06,150ml ," 32,000원",제모용품,19,지성,여,4.0,True
1292,화이트 톤업 바디 세럼 [SPF21],나인위시스,4.06,150ml ," 32,000원",제모용품,26,복합성,여,4.0,True
1293,화이트 톤업 바디 세럼 [SPF21],나인위시스,4.06,150ml ," 32,000원",제모용품,21,민감성,여,5.0,True
1295,화이트 톤업 바디 세럼 [SPF21],나인위시스,4.06,150ml ," 32,000원",제모용품,24,복합성,여,5.0,True
1296,화이트 톤업 바디 세럼 [SPF21],나인위시스,4.06,150ml ," 32,000원",제모용품,32,중성,여,4.0,True
1297,화이트 톤업 바디 세럼 [SPF21],나인위시스,4.06,150ml ," 32,000원",제모용품,33,복합성,여,4.0,True
1298,화이트 톤업 바디 세럼 [SPF21],나인위시스,4.06,150ml ," 32,000원",제모용품,31,복합성,여,5.0,True
1299,화이트 톤업 바디 세럼 [SPF21],나인위시스,4.06,150ml ," 32,000원",제모용품,31,복합성,여,4.0,True
1301,화이트 톤업 바디 세럼 [SPF21],나인위시스,4.06,150ml ," 32,000원",제모용품,31,복합성,여,5.0,True
1302,화이트 톤업 바디 세럼 [SPF21],나인위시스,4.06,150ml ," 32,000원",제모용품,28,중성,여,4.0,True
1303,화이트 톤업 바디 세럼 [SPF21],나인위시스,4.06,150ml ," 32,000원",제모용품,20,지성,여,5.0,True
1304,화이트 톤업 바디 세럼 [SPF21],나인위시스,4.06,150ml ," 32,000원",제모용품,27,민감성,여,5.0,True
1305,화이트 톤업 바디 세럼 [SPF21],나인위시스,4.06,150ml ," 32,000원",제모용품,29,복합성,여,4.0,True
1309,화이트 톤업 바디 세럼 [SPF21],나인위시스,4.06,150ml ," 32,000원",제모용품,26,복합성,여,4.0,True
1310,화이트 톤업 바디 세럼 [SPF21],나인위시스,4.06,150ml ," 32,000원",제모용품,21,건성,여,4.0,True
1311,화이트 톤업 바디 세럼 [SPF21],나인위시스,4.06,150ml ," 32,000원",제모용품,34,복합성,여,4.0,True
1312,화이트 톤업 바디 세럼 [SPF21],나인위시스,4.06,150ml ," 32,000원",제모용품,29,건성,여,5.0,True
1314,화이트 톤업 바디 세럼 [SPF21],나인위시스,4.06,150ml ," 32,000원",제모용품,23,복합성,여,4.0,True
1316,샤이닝 드레스 크림,코스노리,4.0,50ml ," 24,000원",제모용품,24,건성,여,4.0,True
1318,샤이닝 드레스 크림,코스노리,4.0,50ml ," 24,000원",제모용품,21,중성,여,5.0,True
1319,로데오 드라이브 페이스 앤 바디 미스트,오프라,5.0,240ml ," 36,000원",제모용품,31,민감성,여,5.0,True
1321,마네킹 바디 파운데이션 [SPF22/PA++],낫포유,3.5,100ml ," 26,500원",제모용품,31,민감성,여,4.0,True
1323,테이크 어 픽쳐 잇 래스트 롱거,베네피트,3.3,42.5g ," 46,000원",제모용품,21,복합성,여,4.0,True
1327,테이크 어 픽쳐 잇 래스트 롱거,베네피트,3.3,42.5g ," 46,000원",제모용품,34,민감성,여,4.0,True
1331,비너스 새틴케어 여성용 면도젤,질레트,4.44,200ml ," 7,000원",제모용품,22,복합성,여,4.0,True
1332,비너스 임브레이스 면도기,질레트,4.41,1ea ," 18,500원",제모용품,29,민감성,여,5.0,True
1333,비너스 임브레이스 면도기,질레트,4.41,1ea ," 18,500원",제모용품,21,중성,여,5.0,True
1335,비너스 임브레이스 면도기,질레트,4.41,1ea ," 18,500원",제모용품,33,복합성,여,5.0,True
1336,비너스 임브레이스 면도기,질레트,4.41,1ea ," 18,500원",제모용품,30,복합성,여,5.0,True
1337,비너스 임브레이스 면도기,질레트,4.41,1ea ," 18,500원",제모용품,25,복합성,여,5.0,True
1338,비너스 임브레이스 면도기,질레트,4.41,1ea ," 18,500원",제모용품,17,복합성,여,5.0,True
1339,비너스 임브레이스 면도기,질레트,4.41,1ea ," 18,500원",제모용품,21,건성,여,4.0,True
1340,비너스 임브레이스 면도기,질레트,4.41,1ea ," 18,500원",제모용품,33,복합성,여,5.0,True
1341,인튜이션 내추럴 면도기,쉬크,4.29,1ea ," 13,900원",제모용품,42,복합성,여,4.0,True
1343,비너스 스월 면도기,질레트,4.26,1ea ," 20,900원",제모용품,20,지성,여,5.0,True
1344,인튜이션 석류 여성제모기,쉬크,3.71,1ea ," 13,900원",제모용품,25,중성,여,5.0,True
1345,인튜이션 석류 여성제모기,쉬크,3.71,1ea ," 13,900원",제모용품,22,건성,여,4.0,True
1347,인튜이션 석류 여성제모기,쉬크,3.71,1ea ," 13,900원",제모용품,23,복합성,여,4.0,True
1348,인튜이션 석류 여성제모기,쉬크,3.71,1ea ," 13,900원",제모용품,25,복합성,여,5.0,True
1349,인튜이션 석류 여성제모기,쉬크,3.71,1ea ," 13,900원",제모용품,25,민감성,여,4.0,True
1350,인튜이션 석류 여성제모기,쉬크,3.71,1ea ," 13,900원",제모용품,23,복합성,여,5.0,True
1351,인튜이션 석류 여성제모기,쉬크,3.71,1ea ," 13,900원",제모용품,25,복합성,여,5.0,True
1352,인튜이션 아일랜드베리 제모기,쉬크,4.18,1ea ," 13,900원",제모용품,29,건성,여,5.0,True
1354,비너스 스파 면도기,질레트,3.73,2p ," 15,200원",제모용품,22,건성,여,5.0,True
1355,비너스 스파 면도기,질레트,3.73,2p ," 15,200원",제모용품,21,건성,여,5.0,True
1356,201 하드왁스,바나다왁싱,4.08,500g ," 52,500원",제모용품,32,복합성,여,5.0,True
1357,201 하드왁스,바나다왁싱,4.08,500g ," 52,500원",제모용품,31,민감성,여,4.0,True
1358,비너스 엑스트라 스무스 면도기,질레트,4.83,1ea , 가격미정,제모용품,33,복합성,여,5.0,True
1360,트윈 여성용 면도기,빅,3.92,5ea ," 1,700원",제모용품,28,중성,여,5.0,True
1361,탈모증상완화 샴푸 [두피강화],라보에이치,4.14,400ml ," 24,000원",헤어,37,건성,여,4.0,True
1362,올바른 샴푸바 [중건성용],동구밭,4.37,100g ," 9,500원",헤어,29,복합성,여,4.0,True
1363,썬트리 샴푸,헤드스파7,4.12,300ml ," 22,000원",헤어,31,건성,여,4.0,True
1364,컨디셔닝 린스 극손상 케어,팬틴,4.31,500ml ," 10,900원",헤어,56,건성,여,5.0,True
1365,컨디셔닝 린스 극손상 케어,팬틴,4.31,500ml ," 10,900원",헤어,26,중성,여,4.0,True
1366,컨디셔닝 린스 극손상 케어,팬틴,4.31,500ml ," 10,900원",헤어,29,복합성,여,5.0,True
1367,컨디셔닝 린스 극손상 케어,팬틴,4.31,500ml ," 10,900원",헤어,25,복합성,여,5.0,True
1368,컨디셔닝 린스 극손상 케어,팬틴,4.31,500ml ," 10,900원",헤어,25,민감성,여,5.0,True
1369,애프터올 슬릭 컨디셔너,컨텐트리,4.33,300ml ," 35,000원",헤어,26,지성,여,5.0,True
1370,애프터올 슬릭 컨디셔너,컨텐트리,4.33,300ml ," 35,000원",헤어,22,지성,여,4.0,True
1371,프리즈 이즈 미라큘러스 리커버리 컨디셔너,존프리다,4.27,250ml ," 17,000원",헤어,36,지성,여,5.0,True
1372,프리즈 이즈 미라큘러스 리커버리 컨디셔너,존프리다,4.27,250ml ," 17,000원",헤어,21,복합성,여,5.0,True
1373,프로페셔널 디펜스 컨디셔너,비욘드,4.13,450ml ," 29,000원",헤어,28,건성,여,5.0,True
1375,자윤 서향 컨디셔너,리엔,4.18,500ml ," 13,900원",헤어,32,복합성,여,5.0,True
1376,토탈 리페어5 컨디셔너,로레알파리,3.93,450ml ," 12,000원",헤어,34,복합성,여,4.0,True
1377,퍼퓸 퓨어브리즈 컨디셔너,엘라스틴,3.84,600ml ," 6,900원",헤어,27,복합성,여,4.0,True
1378,퍼퓸 퓨어브리즈 컨디셔너,엘라스틴,3.84,600ml ," 6,900원",헤어,40,복합성,여,4.0,True
1379,올바른 린스바,동구밭,4.66,100g ," 9,500원",헤어,41,복합성,여,5.0,True
1380,올바른 린스바,동구밭,4.66,100g ," 9,500원",헤어,23,건성,여,5.0,True
1381,러블리 앤 로맨틱 퍼퓸 린스,케라시스,4.26,600ml ," 5,010원",헤어,29,건성,여,4.0,True
1383,데미지 클리닉 컨디셔너,케라시스,3.79,750ml ," 4,900원",헤어,31,중성,여,4.0,True
1384,자윤 백단향 컨디셔너,리엔,3.85,500ml ," 13,900원",헤어,34,민감성,여,4.0,True
1386,퍼펙트 세럼 린스 오리지널,미쟝센,3.96,680ml ," 13,000원",헤어,36,지성,여,4.0,True
1388,트리트먼트 더 프리미엄,헤드스파7,4.44,210ml ," 50,000원",헤어,33,복합성,여,4.0,True
1389,살롱 플러스 클리닉 10 트리트먼트 [손상 모발용],미쟝센,4.4,250ml ," 12,900원",헤어,37,복합성,여,4.0,True
1390,살롱 플러스 클리닉 10 트리트먼트 [손상 모발용],미쟝센,4.4,250ml ," 12,900원",헤어,22,건성,여,5.0,True
1392,딥 데미지 트리트먼트 EX,어노브,4.41,207ml ," 26,000원",헤어,34,중성,여,5.0,True
1393,프리미엄 리페어 마스크,츠바키,4.43,180g ," 16,000원",헤어,28,지성,여,5.0,True
1394,프리미엄 리페어 마스크,츠바키,4.43,180g ," 16,000원",헤어,29,건성,여,4.0,True
1396,오트 프로틴 트리트먼트,리비긴,4.35,120ml ," 19,000원",헤어,24,지성,여,5.0,True
1397,LPP 단백질 트리트먼트 헤어팩,박준뷰티랩,4.38,"1,000ml "," 49,000원",헤어,30,복합성,여,4.0,True
1398,LPP 단백질 트리트먼트 헤어팩,박준뷰티랩,4.38,"1,000ml "," 49,000원",헤어,28,건성,여,5.0,True
1399,토탈 리페어 5 인스턴트 미라클 헤어팩,로레알파리,4.23,170ml ," 7,900원",헤어,24,복합성,여,5.0,True
1400,토탈 리페어 5 인스턴트 미라클 헤어팩,로레알파리,4.23,170ml ," 7,900원",헤어,27,복합성,여,4.0,True
1401,토탈 리페어 5 인스턴트 미라클 헤어팩,로레알파리,4.23,170ml ," 7,900원",헤어,32,중성,여,4.0,True
1402,리커버리 밤 B,모레모,4.26,120ml ," 21,000원",헤어,35,민감성,여,4.0,True
1403,리커버리 밤 B,모레모,4.26,120ml ," 21,000원",헤어,27,건성,여,4.0,True
1404,리커버리 밤 B,모레모,4.26,120ml ," 21,000원",헤어,27,건성,여,5.0,True
1405,퍼펙트 베이스업 에센스,미쟝센,4.46,230ml ," 16,000원",헤어,36,민감성,여,4.0,True
1406,퍼펙트 베이스업 에센스,미쟝센,4.46,230ml ," 16,000원",헤어,24,민감성,여,5.0,True
1407,퍼펙트 베이스업 에센스,미쟝센,4.38,200ml ," 7,500원",헤어,36,민감성,여,4.0,True
1408,퍼펙트 베이스업 에센스,미쟝센,4.38,200ml ," 7,500원",헤어,24,민감성,여,5.0,True
1409,드림랭스 노 헤어컷 크림,로레알파리,4.26,200ml ," 18,000원",헤어,25,민감성,여,5.0,True
1410,폴리젠 씨솔트 스케일러,닥터포헤어,4.47,300g ," 28,000원",헤어,27,건성,여,5.0,True
1411,폴리젠 씨솔트 스케일러,닥터포헤어,4.47,300g ," 28,000원",헤어,43,민감성,여,5.0,True
1412,폴리젠 씨솔트 스케일러,닥터포헤어,4.47,300g ," 28,000원",헤어,32,건성,여,4.0,True
1413,폴리젠 씨솔트 스케일러,닥터포헤어,4.47,300g ," 28,000원",헤어,28,중성,여,5.0,True
1414,폴리젠 씨솔트 스케일러,닥터포헤어,4.47,300g ," 28,000원",헤어,25,중성,여,5.0,True
1415,폴리젠 씨솔트 스케일러,닥터포헤어,4.47,300g ," 28,000원",헤어,27,복합성,여,4.0,True
1416,폴리젠 씨솔트 스케일러,닥터포헤어,4.47,300g ," 28,000원",헤어,53,민감성,여,4.0,True
1417,폴리젠 씨솔트 스케일러,닥터포헤어,4.47,300g ," 28,000원",헤어,24,지성,여,4.0,True
1418,폴리젠 씨솔트 스케일러,닥터포헤어,4.47,300g ," 28,000원",헤어,36,복합성,여,5.0,True
1419,폴리젠 씨솔트 스케일러,닥터포헤어,4.47,300g ," 28,000원",헤어,30,복합성,여,5.0,True
1420,폴리젠 씨솔트 스케일러,닥터포헤어,4.47,300g ," 28,000원",헤어,31,복합성,여,5.0,True
1421,폴리젠 씨솔트 스케일러,닥터포헤어,4.47,300g ," 28,000원",헤어,31,중성,여,5.0,True
1422,폴리젠 씨솔트 스케일러,닥터포헤어,4.47,300g ," 28,000원",헤어,25,복합성,여,5.0,True
1425,스위스 허벌 헤어 토닉,라우쉬,3.83,200ml ," 36,000원",헤어,35,건성,여,4.0,True
1426,로즈마리 액티브브이 안티헤어로스 토닉,아로마티카,4.25,100ml ," 22,000원",헤어,29,중성,여,5.0,True
1427,스칼프 모이스처라이징 드라이 앰플,두피부,3.86,250ml ," 27,000원",헤어,36,민감성,여,5.0,True
1428,포티샤 두피 세럼,르네휘테르,4.64,100ml ," 33,000원",헤어,32,건성,여,4.0,True
1429,포티샤 두피 세럼,르네휘테르,4.64,100ml ," 33,000원",헤어,34,복합성,여,5.0,True
1430,클로렐라 베러 루트 쿨링스프레이,달리프,4.14,100ml ," 24,000원",헤어,32,복합성,여,5.0,True
1431,오리지널 헤어 팅크처,라우쉬,4.3,200ml ," 47,000원",헤어,38,지성,여,5.0,True
1432,오리지널 헤어 팅크처,라우쉬,4.3,200ml ," 47,000원",헤어,35,건성,여,4.0,True
1434,로즈마리 루트 인핸서,아로마티카,4.6,100ml ," 13,000원",헤어,31,지성,남,4.0,True
1435,로즈마리 루트 인핸서,아로마티카,4.6,100ml ," 13,000원",헤어,26,지성,여,5.0,True
1436,로즈마리 루트 인핸서,아로마티카,4.6,100ml ," 13,000원",헤어,39,복합성,여,5.0,True
1439,오투 스칼프 앰플,얼라이브랩,4.69,25ml*2 ," 12,000원",헤어,22,건성,여,5.0,True
1440,드라이샴푸 [클린&클래식 오리지널],바티스트,4.03,200ml ," 14,500원",헤어,29,건성,여,4.0,True
1442,드라이샴푸 [클린&클래식 오리지널],바티스트,4.03,200ml ," 14,500원",헤어,21,복합성,여,5.0,True
1443,드라이샴푸 [클린&클래식 오리지널],바티스트,4.03,200ml ," 14,500원",헤어,24,건성,여,5.0,True
1444,드라이샴푸 [클린&클래식 오리지널],바티스트,4.03,200ml ," 14,500원",헤어,23,복합성,여,4.0,True
1446,드라이샴푸 [클린&클래식 오리지널],바티스트,4.03,200ml ," 14,500원",헤어,26,복합성,여,5.0,True
1447,드라이샴푸 [클린&클래식 오리지널],바티스트,4.03,200ml ," 14,500원",헤어,29,복합성,여,4.0,True
1448,드라이샴푸 [클린&클래식 오리지널],바티스트,4.03,200ml ," 14,500원",헤어,34,복합성,여,5.0,True
1450,드라이샴푸 [클린&클래식 오리지널],바티스트,4.03,200ml ," 14,500원",헤어,28,복합성,여,4.0,True
1452,드라이샴푸 [클린&클래식 오리지널],바티스트,4.03,200ml ," 14,500원",헤어,29,복합성,여,4.0,True
1453,드라이샴푸 [클린&클래식 오리지널],바티스트,4.03,200ml ," 14,500원",헤어,19,복합성,여,5.0,True
1454,드라이샴푸 [클린&클래식 오리지널],바티스트,4.03,200ml ," 14,500원",헤어,42,민감성,여,5.0,True
1455,드라이샴푸 [클린&클래식 오리지널],바티스트,4.03,200ml ," 14,500원",헤어,28,건성,여,4.0,True
1456,드라이샴푸 [클린&클래식 오리지널],바티스트,4.03,200ml ," 14,500원",헤어,24,지성,여,5.0,True
1457,드라이샴푸 [클린&클래식 오리지널],바티스트,4.03,200ml ," 14,500원",헤어,24,복합성,여,5.0,True
1458,드라이샴푸 [클린&클래식 오리지널],바티스트,4.03,200ml ," 14,500원",헤어,25,중성,여,5.0,True
1459,드라이샴푸 [클린&클래식 오리지널],바티스트,4.03,200ml ," 14,500원",헤어,31,민감성,여,5.0,True
1460,드라이샴푸 [클린&클래식 오리지널],바티스트,4.03,200ml ," 14,500원",헤어,24,복합성,여,5.0,True
1461,드라이샴푸 [클린&클래식 오리지널],바티스트,4.03,200ml ," 14,500원",헤어,20,건성,여,5.0,True
1462,드라이샴푸 [클린&클래식 오리지널],바티스트,4.03,200ml ," 14,500원",헤어,28,복합성,여,4.0,True
1463,드라이샴푸 [클린&클래식 오리지널],바티스트,4.03,200ml ," 14,500원",헤어,22,복합성,여,4.0,True
1464,드라이샴푸 [후레쉬],바티스트,3.97,200ml ," 14,500원",헤어,24,건성,여,4.0,True
1468,드라이샴푸 [후레쉬],바티스트,3.97,200ml ," 14,500원",헤어,39,복합성,여,4.0,True
1471,노워시 샴푸,헤드스파7,3.95,100ml ," 25,000원",헤어,30,복합성,여,5.0,True
1472,드라이샴푸 [프룻티&치키 체리],바티스트,3.95,200ml ," 14,500원",헤어,21,민감성,여,4.0,True
1474,아쿠아민트 쿨세범 드라이샴푸,클로란,4.3,150ml ," 16,000원",헤어,49,복합성,여,4.0,True
1475,아쿠아민트 쿨세범 드라이샴푸,클로란,4.3,150ml ," 16,000원",헤어,22,건성,여,4.0,True
1477,드라이샴푸 [플로랄],바티스트,4.0,200ml ," 14,500원",헤어,28,건성,여,4.0,True
1478,드라이샴푸 [플로랄],바티스트,4.0,200ml ," 14,500원",헤어,26,복합성,여,4.0,True
1479,드라이샴푸 [플로랄],바티스트,4.0,200ml ," 14,500원",헤어,33,민감성,여,4.0,True
1480,드라이샴푸 [플로랄],바티스트,4.0,200ml ," 14,500원",헤어,31,건성,여,5.0,True
1481,드라이 샴푸 [오리지널],코랩,5.0,200ml ," 11,900원",헤어,29,복합성,여,5.0,True
1482,드라이 샴푸 [오리지널],코랩,5.0,200ml ," 11,900원",헤어,30,중성,여,5.0,True
1483,네틀 노세범 드라이 샴푸,클로란,4.09,150ml ," 16,000원",헤어,28,복합성,여,4.0,True
1484,드라이 샴푸 [파라다이스],코랩,3.56,200ml ," 11,900원",헤어,29,복합성,여,5.0,True
1485,트리트먼트 오리지날,모로칸오일,4.5,50ml ," 36,000원",헤어,32,복합성,여,5.0,True
1487,트리트먼트 오리지날,모로칸오일,4.5,50ml ," 36,000원",헤어,23,지성,여,5.0,True
1488,미스 디올 헤어 미스트,디올,4.5,30ml ," 62,000원",헤어,32,지성,여,4.0,True
1489,울트라 프로틴 헤어오일 리치,힐링버드,4.34,100ml ," 22,000원",헤어,31,지성,여,4.0,True
1490,울트라 프로틴 헤어오일 리치,힐링버드,4.34,100ml ," 22,000원",헤어,29,건성,여,4.0,True
1491,울트라 프로틴 헤어오일 리치,힐링버드,4.34,100ml ," 22,000원",헤어,25,건성,여,5.0,True
1492,헤어 테라피,시드물,4.27,150ml ," 14,800원",헤어,37,지성,여,5.0,True
1493,헤어 테라피,시드물,4.27,150ml ," 14,800원",헤어,29,건성,여,4.0,True
1494,컬링 에센스 2X,아모스프로페셔널,4.23,150ml ," 12,000원",헤어,24,복합성,여,4.0,True
1495,컬링 에센스 2X,아모스프로페셔널,4.23,150ml ," 12,000원",헤어,30,복합성,여,4.0,True
1496,컬링 에센스 2X,아모스프로페셔널,4.23,150ml ," 12,000원",헤어,24,지성,여,5.0,True
1497,컬링 에센스 2X,아모스프로페셔널,4.23,150ml ," 12,000원",헤어,19,복합성,여,5.0,True
1498,컬링 에센스 2X,아모스프로페셔널,4.23,150ml ," 12,000원",헤어,21,중성,여,4.0,True
1499,레지스턴스 시몽 테르미크,케라스타즈,4.34,150ml ," 57,000원",헤어,28,복합성,여,5.0,True
1500,엑스트라오디네리 오일 엑스트라 리치,로레알파리,4.21,100ml ," 19,000원",헤어,32,건성,여,4.0,True
1501,엑스트라오디네리 오일 엑스트라 리치,로레알파리,4.21,100ml ," 19,000원",헤어,39,건성,여,4.0,True
1502,엑스트라오디네리 오일 엑스트라 리치,로레알파리,4.21,100ml ," 19,000원",헤어,25,건성,여,5.0,True
1503,엑스트라오디네리 오일 엑스트라 리치,로레알파리,4.21,100ml ," 19,000원",헤어,26,건성,여,5.0,True
1504,엑스트라오디네리 오일 엑스트라 리치,로레알파리,4.21,100ml ," 19,000원",헤어,20,지성,여,4.0,True
1505,샹스 오 땅드르 헤어 미스트,샤넬,4.31,35ml ," 67,000원",헤어,29,건성,여,5.0,True


