ratings,volume,price,category,Age,type,gender,rating,recommend,Names
4.66,210ml ," 24,000원",스킨케어,28,민감성,여,4.0,True,웰라쥬/리얼 히알루로닉 블루 100 토너 패드
4.73,70ea ," 22,000원",스킨케어,23,복합성,여,5.0,True,잇츠스킨/파워 10 포뮬라 엘아이 젤리 패드 감초줄렌
4.73,70ea ," 22,000원",스킨케어,24,복합성,여,5.0,True,잇츠스킨/파워 10 포뮬라 엘아이 젤리 패드 감초줄렌
4.73,70ea ," 22,000원",스킨케어,29,복합성,여,5.0,True,잇츠스킨/파워 10 포뮬라 엘아이 젤리 패드 감초줄렌
4.73,70ea ," 22,000원",스킨케어,29,복합성,여,5.0,True,잇츠스킨/파워 10 포뮬라 엘아이 젤리 패드 감초줄렌
4.73,70ea ," 22,000원",스킨케어,24,복합성,여,5.0,True,잇츠스킨/파워 10 포뮬라 엘아이 젤리 패드 감초줄렌
4.55,60ea ," 26,000원",스킨케어,24,지성,여,5.0,True,스킨푸드/캐롯 카로틴 카밍 워터 패드
4.51,70ea ," 22,000원",스킨케어,23,지성,여,4.0,True,웰스킨/센텔라 목화솜 토너패드
4.51,70ea ," 31,000원",스킨케어,29,복합성,여,5.0,True,파넬/시카마누 순면 클리어패드
4.44,120ml ," 20,000원",스킨케어,30,복합성,여,4.0,True,아이레시피/아쿠아 피토플렉스 크림 인 토너
4.54,50ml ," 33,000원",스킨케어,19,건성,여,5.0,True,라보드레/인텐시브 리파이닝 에멀젼
4.54,50ml ," 33,000원",스킨케어,39,건성,여,5.0,True,라보드레/인텐시브 리파이닝 에멀젼
4.43,150ml ," 28,000원",스킨케어,28,건성,여,4.0,True,에스트라/아토베리어 365 로션
4.43,150ml ," 28,000원",스킨케어,32,건성,여,5.0,True,에스트라/아토베리어 365 로션
4.43,150ml ," 28,000원",스킨케어,23,복합성,여,4.0,True,에스트라/아토베리어 365 로션
4.43,150ml ," 28,000원",스킨케어,15,지성,여,4.0,True,에스트라/아토베리어 365 로션
4.43,150ml ," 28,000원",스킨케어,32,복합성,여,4.0,True,에스트라/아토베리어 365 로션
4.43,150ml ," 28,000원",스킨케어,17,민감성,여,5.0,True,에스트라/아토베리어 365 로션
4.43,150ml ," 28,000원",스킨케어,25,민감성,여,4.0,True,에스트라/아토베리어 365 로션
4.47,220ml ," 23,000원",스킨케어,29,건성,여,4.0,True,라운드어라운드/그린티 약산성 에센스 로션
4.35,150ml ," 60,000원",스킨케어,38,복합성,여,5.0,True,아이오페/슈퍼바이탈 에멀젼
4.05,100ml ," 95,000원",스킨케어,31,복합성,여,4.0,True,닥터지/레드 블레미쉬 멀티 플루이드
4.06,130ml ," 17,000원",스킨케어,17,민감성,여,5.0,True,홀리카홀리카/굳세라 수퍼 세라마이드 에멀젼
4.06,130ml ," 17,000원",스킨케어,27,복합성,여,4.0,True,홀리카홀리카/굳세라 수퍼 세라마이드 에멀젼
4.1,200ml ," 33,000원",스킨케어,24,민감성,여,4.0,True,아벤느/트릭세라 뉴트리 플루이드 로션
4.1,200ml ," 33,000원",스킨케어,29,건성,여,4.0,True,아벤느/트릭세라 뉴트리 플루이드 로션
4.65,50ml ," 220,000원",스킨케어,50,복합성,여,4.0,True,설화수/자음생세럼
4.54,30ml ," 32,000원",스킨케어,21,복합성,여,5.0,True,바이위시트렌드/폴리페놀 인 프로폴리스 15% 앰플
4.54,30ml ," 32,000원",스킨케어,32,복합성,여,5.0,True,바이위시트렌드/폴리페놀 인 프로폴리스 15% 앰플
4.55,30ml ," 14,000원",스킨케어,28,복합성,여,5.0,True,잇츠스킨/파워 10 포뮬라 엘아이 이펙터 감초줄렌
4.55,30ml ," 14,000원",스킨케어,23,지성,여,5.0,True,잇츠스킨/파워 10 포뮬라 엘아이 이펙터 감초줄렌
4.55,30ml ," 14,000원",스킨케어,29,복합성,여,4.0,True,잇츠스킨/파워 10 포뮬라 엘아이 이펙터 감초줄렌
4.52,150ml ," 34,000원",스킨케어,31,복합성,여,5.0,True,리더스코스메틱/리더스 퍼스트 샷 액티브 에센스 에이지 컨트롤
4.52,150ml ," 34,000원",스킨케어,23,복합성,여,5.0,True,리더스코스메틱/리더스 퍼스트 샷 액티브 에센스 에이지 컨트롤
4.52,150ml ," 34,000원",스킨케어,23,건성,여,5.0,True,리더스코스메틱/리더스 퍼스트 샷 액티브 에센스 에이지 컨트롤
4.52,150ml ," 34,000원",스킨케어,42,복합성,여,5.0,True,리더스코스메틱/리더스 퍼스트 샷 액티브 에센스 에이지 컨트롤
4.52,150ml ," 34,000원",스킨케어,31,복합성,여,4.0,True,리더스코스메틱/리더스 퍼스트 샷 액티브 에센스 에이지 컨트롤
4.52,150ml ," 34,000원",스킨케어,40,건성,여,5.0,True,리더스코스메틱/리더스 퍼스트 샷 액티브 에센스 에이지 컨트롤
4.45,70ml ," 44,000원",스킨케어,36,건성,여,5.0,True,미샤/타임 레볼루션 나이트 리페어 앰플 5X
4.59,80ml ," 32,000원",스킨케어,31,건성,여,5.0,True,메이크프렘/인테카 수딩 크림
4.59,80ml ," 32,000원",스킨케어,27,건성,여,4.0,True,메이크프렘/인테카 수딩 크림
4.59,80ml ," 32,000원",스킨케어,26,건성,여,5.0,True,메이크프렘/인테카 수딩 크림
4.59,50g ," 24,000원",스킨케어,21,지성,여,5.0,True,주미소/워터풀 히알루론산 크림
4.53,100ml ," 46,000원",스킨케어,25,건성,여,4.0,True,달바/화이트 트러플 프리미엄 인텐시브 세럼
4.53,100ml ," 46,000원",스킨케어,31,복합성,여,5.0,True,달바/화이트 트러플 프리미엄 인텐시브 세럼
4.53,100ml ," 46,000원",스킨케어,24,민감성,여,5.0,True,달바/화이트 트러플 프리미엄 인텐시브 세럼
4.53,100ml ," 46,000원",스킨케어,36,복합성,여,5.0,True,달바/화이트 트러플 프리미엄 인텐시브 세럼
4.53,100ml ," 46,000원",스킨케어,29,건성,여,5.0,True,달바/화이트 트러플 프리미엄 인텐시브 세럼
4.32,120ml ," 15,000원",스킨케어,31,복합성,여,5.0,True,홀리카홀리카/굳세라 수퍼 세라마이드 미스트
4.32,120ml ," 15,000원",스킨케어,32,건성,여,5.0,True,홀리카홀리카/굳세라 수퍼 세라마이드 미스트
4.44,99ml ," 25,000원",스킨케어,16,복합성,여,4.0,True,바닐라코/미스 플라워 앤 미스터 허니 프로폴리스 리쥬비네이팅 앰플 미스트
4.44,99ml ," 25,000원",스킨케어,27,건성,여,5.0,True,바닐라코/미스 플라워 앤 미스터 허니 프로폴리스 리쥬비네이팅 앰플 미스트
4.58,60ml ," 15,000원",스킨케어,33,복합성,여,5.0,True,아이레시피/아쿠아 피토플렉스 크림 인 토너 미스트
4.58,60ml ," 15,000원",스킨케어,40,건성,여,5.0,True,아이레시피/아쿠아 피토플렉스 크림 인 토너 미스트
4.58,60ml ," 15,000원",스킨케어,26,건성,여,5.0,True,아이레시피/아쿠아 피토플렉스 크림 인 토너 미스트
4.58,60ml ," 15,000원",스킨케어,36,복합성,여,5.0,True,아이레시피/아쿠아 피토플렉스 크림 인 토너 미스트
4.58,60ml ," 15,000원",스킨케어,46,복합성,여,5.0,True,아이레시피/아쿠아 피토플렉스 크림 인 토너 미스트
4.58,60ml ," 15,000원",스킨케어,26,건성,여,5.0,True,아이레시피/아쿠아 피토플렉스 크림 인 토너 미스트
4.58,60ml ," 15,000원",스킨케어,35,복합성,여,5.0,True,아이레시피/아쿠아 피토플렉스 크림 인 토너 미스트
4.25,120ml ," 25,000원",스킨케어,30,건성,여,5.0,True,라네즈/크림 스킨 미스트
4.29,100ml ," 29,000원",스킨케어,33,복합성,여,4.0,True,달바/화이트 트러플 바이탈 스프레이 세럼
4.29,100ml ," 29,000원",스킨케어,26,민감성,여,5.0,True,달바/화이트 트러플 바이탈 스프레이 세럼
4.29,100ml ," 29,000원",스킨케어,26,민감성,여,4.0,True,달바/화이트 트러플 바이탈 스프레이 세럼
4.15,100ml ," 29,000원",스킨케어,22,복합성,여,5.0,True,달바/화이트 트러플 퍼스트 스프레이 세럼
4.15,100ml ," 29,000원",스킨케어,35,복합성,여,4.0,True,달바/화이트 트러플 퍼스트 스프레이 세럼
4.15,100ml ," 29,000원",스킨케어,32,복합성,여,5.0,True,달바/화이트 트러플 퍼스트 스프레이 세럼
4.15,100ml ," 29,000원",스킨케어,24,중성,여,5.0,True,달바/화이트 트러플 퍼스트 스프레이 세럼
4.23,55ml ," 13,900원",스킨케어,29,복합성,여,4.0,True,레드투래드/안티더스트 배리어 미스트
4.51,100ml ," 49,000원",스킨케어,36,복합성,여,4.0,True,눅스/윌 프로디쥬스 멀티 플로럴 오일
4.51,100ml ," 49,000원",스킨케어,25,건성,여,4.0,True,눅스/윌 프로디쥬스 멀티 플로럴 오일
4.51,100ml ," 49,000원",스킨케어,29,민감성,여,5.0,True,눅스/윌 프로디쥬스 멀티 플로럴 오일
4.51,100ml ," 49,000원",스킨케어,32,복합성,여,4.0,True,눅스/윌 프로디쥬스 멀티 플로럴 오일
4.45,118ml ," 26,900원",스킨케어,23,복합성,여,4.0,True,데저트에센스/100% 퓨어 호호바 오일
4.45,118ml ," 26,900원",스킨케어,37,복합성,여,5.0,True,데저트에센스/100% 퓨어 호호바 오일
4.45,118ml ," 26,900원",스킨케어,17,민감성,여,4.0,True,데저트에센스/100% 퓨어 호호바 오일
4.44,30ml ," 20,000원",스킨케어,28,건성,여,5.0,True,티르티르/호호바 오일
4.37,30ml ," 30,000원",스킨케어,23,복합성,여,4.0,True,토니모리/더 블랙티 런던 클래식 오일
4.28,118ml ," 14,000원",스킨케어,25,중성,여,5.0,True,나우푸드/100% 퓨어 유기농 호호바 오일
4.31,100ml ," 16,300원",스킨케어,37,복합성,여,5.0,True,시드물/프리미엄 호호바 오일
4.26,10ml , 20ml ,스킨케어,34,지성,여,5.0,True,에센허브/티트리 100 오일
4.2,30ml ," 39,000원",스킨케어,38,복합성,여,5.0,True,로벡틴/스킨 이센셜즈 배리어 리페어 페이스 오일
4.22,50ml ," 68,000원",스킨케어,45,건성,여,5.0,True,비오템/아쿠아수르스 매직 젤 오일
4.12,30ml ," 38,000원",스킨케어,27,복합성,여,5.0,True,한율/달빛유자 페이스 오일
4.27,15g*2 ," 60,000원",페이스메이크업,24,지성,여,5.0,True,헤라/블랙 쿠션 [SPF34/PA++]
4.27,15g*2 ," 60,000원",페이스메이크업,25,복합성,여,5.0,True,헤라/블랙 쿠션 [SPF34/PA++]
4.27,15g*2 ," 60,000원",페이스메이크업,24,복합성,여,5.0,True,헤라/블랙 쿠션 [SPF34/PA++]
4.41,30ml ," 89,000원",페이스메이크업,31,건성,여,5.0,True,조르지오아르마니/디자이너 리프트 파운데이션
4.12,35ml ," 60,000원",페이스메이크업,35,건성,여,5.0,True,헤라/블랙 파운데이션 [SPF15/PA+]
4.55,8.5g ," 54,000원",페이스메이크업,31,복합성,여,5.0,True,메이크업포에버/울트라 HD 파우더
4.55,8.5g ," 54,000원",페이스메이크업,31,건성,여,5.0,True,메이크업포에버/울트라 HD 파우더
4.54,6.2g ," 54,000원",페이스메이크업,25,건성,여,5.0,True,메이크업포에버/울트라 HD 프레스드 파우더
4.54,6.2g ," 54,000원",페이스메이크업,26,민감성,여,4.0,True,메이크업포에버/울트라 HD 프레스드 파우더
4.54,6.2g ," 54,000원",페이스메이크업,23,복합성,여,5.0,True,메이크업포에버/울트라 HD 프레스드 파우더
4.45,7g ," 11,000원",페이스메이크업,16,건성,여,4.0,True,삐아/라스트 세범 팩트
4.44,10g ," 17,000원",페이스메이크업,22,복합성,여,4.0,True,림멜/매치 퍼펙션 실키 루즈 페이스 파우더
4.39,11g ," 15,000원",페이스메이크업,32,건성,여,5.0,True,이니스프리/포어 블러 파우더
4.39,8g ," 8,500원",페이스메이크업,25,건성,여,5.0,True,이글립스/에어 핏 파우더 팩트
4.39,8g ," 8,500원",페이스메이크업,30,지성,여,5.0,True,이글립스/에어 핏 파우더 팩트
4.39,9g ," 10,000원",페이스메이크업,23,복합성,여,5.0,True,어바웃톤/블러 파우더 팩트
4.39,9g ," 10,000원",페이스메이크업,30,지성,여,5.0,True,어바웃톤/블러 파우더 팩트
4.39,9g ," 10,000원",페이스메이크업,25,건성,여,5.0,True,어바웃톤/블러 파우더 팩트
4.34,12g ," 22,000원",페이스메이크업,27,중성,여,4.0,True,바닐라코/프라임 프라이머 피니시 파우더
4.41,12g ," 49,000원",페이스메이크업,31,복합성,여,5.0,True,로라메르시에/미네랄 피니싱 파우더
4.32,29g ," 56,000원",페이스메이크업,32,중성,여,5.0,True,로라메르시에/루스 세팅 파우더
4.29,5g ," 6,500원",페이스메이크업,31,건성,여,5.0,True,스킨푸드/피치뽀송 멀티 피니시 파우더
4.29,5g ," 6,500원",페이스메이크업,27,복합성,여,5.0,True,스킨푸드/피치뽀송 멀티 피니시 파우더
4.29,5g ," 6,500원",페이스메이크업,20,지성,여,5.0,True,스킨푸드/피치뽀송 멀티 피니시 파우더
4.33,5g ," 7,000원",페이스메이크업,24,지성,여,5.0,True,이니스프리/노세범 미네랄 파우더
4.33,5g ," 7,000원",페이스메이크업,21,복합성,여,5.0,True,이니스프리/노세범 미네랄 파우더
4.33,5g ," 7,000원",페이스메이크업,24,복합성,여,5.0,True,이니스프리/노세범 미네랄 파우더
4.33,5g ," 7,000원",페이스메이크업,32,건성,여,5.0,True,이니스프리/노세범 미네랄 파우더
4.33,5g ," 7,000원",페이스메이크업,31,복합성,여,4.0,True,이니스프리/노세범 미네랄 파우더
4.33,5g ," 7,000원",페이스메이크업,26,민감성,여,4.0,True,이니스프리/노세범 미네랄 파우더
4.33,5g ," 7,000원",페이스메이크업,26,민감성,여,5.0,True,이니스프리/노세범 미네랄 파우더
4.33,5g ," 7,000원",페이스메이크업,23,민감성,여,5.0,True,이니스프리/노세범 미네랄 파우더
4.33,5g ," 7,000원",페이스메이크업,22,지성,여,5.0,True,이니스프리/노세범 미네랄 파우더
4.33,5g ," 7,000원",페이스메이크업,20,지성,여,5.0,True,이니스프리/노세범 미네랄 파우더
4.26,5.5g ," 7,000원",페이스메이크업,28,복합성,여,4.0,True,어퓨/미네랄 100 HD 파우더
4.23,12g ," 8,000원",페이스메이크업,21,복합성,여,5.0,True,더샘/샘물 퍼펙트 포어 팩트
4.27,5g ," 12,800원",페이스메이크업,36,지성,여,5.0,True,시드물/닥터트럽 피지제로 센텔라파우더
4.3,9g ," 7,800원",페이스메이크업,16,건성,여,4.0,True,미팩토리/뿌숭뿌숭 파우더 팩트
4.46,7g ," 15,000원",페이스메이크업,31,복합성,여,5.0,True,루나/롱래스팅 팁 컨실러 [SPF34/PA++]
4.46,7g ," 15,000원",페이스메이크업,15,건성,여,4.0,True,루나/롱래스팅 팁 컨실러 [SPF34/PA++]
4.46,7g ," 15,000원",페이스메이크업,28,중성,여,5.0,True,루나/롱래스팅 팁 컨실러 [SPF34/PA++]
4.46,7g ," 15,000원",페이스메이크업,32,복합성,여,5.0,True,루나/롱래스팅 팁 컨실러 [SPF34/PA++]
4.46,7g ," 15,000원",페이스메이크업,27,민감성,여,4.0,True,루나/롱래스팅 팁 컨실러 [SPF34/PA++]
4.46,7g ," 15,000원",페이스메이크업,16,건성,여,4.0,True,루나/롱래스팅 팁 컨실러 [SPF34/PA++]
4.46,7g ," 15,000원",페이스메이크업,23,민감성,여,4.0,True,루나/롱래스팅 팁 컨실러 [SPF34/PA++]
4.46,7g ," 15,000원",페이스메이크업,34,지성,여,4.0,True,루나/롱래스팅 팁 컨실러 [SPF34/PA++]
4.46,7g ," 15,000원",페이스메이크업,23,복합성,여,5.0,True,루나/롱래스팅 팁 컨실러 [SPF34/PA++]
4.46,7g ," 15,000원",페이스메이크업,21,민감성,여,5.0,True,루나/롱래스팅 팁 컨실러 [SPF34/PA++]
4.46,7g ," 15,000원",페이스메이크업,26,지성,여,5.0,True,루나/롱래스팅 팁 컨실러 [SPF34/PA++]
4.46,7g ," 15,000원",페이스메이크업,22,중성,여,4.0,True,루나/롱래스팅 팁 컨실러 [SPF34/PA++]
4.46,7g ," 15,000원",페이스메이크업,30,민감성,여,5.0,True,루나/롱래스팅 팁 컨실러 [SPF34/PA++]
4.27,6ml ," 40,000원",페이스메이크업,19,건성,여,4.0,True,나스/래디언트 크리미 컨실러
4.26,6.5g ," 6,000원",페이스메이크업,24,민감성,여,5.0,True,더샘/커버 퍼펙션 픽실러 [SPF30/PA++]
4.26,6.5g ," 6,000원",페이스메이크업,25,민감성,여,4.0,True,더샘/커버 퍼펙션 픽실러 [SPF30/PA++]
4.16,5.5g ," 6,000원",페이스메이크업,17,건성,여,5.0,True,페리페라/더블 롱웨어 커버 컨실러
4.15,9g ," 15,000원",페이스메이크업,29,복합성,여,4.0,True,웨이크메이크/디파이닝 커버 컨실러
4.15,9g ," 15,000원",페이스메이크업,31,복합성,여,5.0,True,웨이크메이크/디파이닝 커버 컨실러
4.11,15ml ," 42,000원",페이스메이크업,30,민감성,여,5.0,True,메이크업포에버/풀 커버
4.08,7g ," 11,000원",페이스메이크업,25,민감성,여,5.0,True,홀리카홀리카/하드커버 리퀴드 컨실러 [SPF30/PA++]
3.99,7g ," 10,000원",페이스메이크업,16,복합성,여,5.0,True,이니스프리/마이 컨실러 [다크서클 커버]
3.99,7g ," 10,000원",페이스메이크업,30,건성,여,4.0,True,이니스프리/마이 컨실러 [다크서클 커버]
4.01,1.5g ," 13,000원",페이스메이크업,29,건성,여,5.0,True,파리 베를린/르 크레용 컨실러 펜슬
4.05,3g ," 6,500원",페이스메이크업,24,복합성,여,4.0,True,캐트리스/캐머플라지 크림 컨실러
4.41,45ml ," 25,000원",페이스메이크업,71,복합성,여,5.0,True,3CE/워터 메이크업 베이스 [SPF50+/PA++++]
4.13,30ml ," 28,000원",페이스메이크업,25,건성,여,5.0,True,에스쁘아/피치 스킨 피팅 베이스 [SPF41/PA++++]
4.13,30ml ," 28,000원",페이스메이크업,27,민감성,여,4.0,True,에스쁘아/피치 스킨 피팅 베이스 [SPF41/PA++++]
4.13,30ml ," 28,000원",페이스메이크업,22,건성,여,5.0,True,에스쁘아/피치 스킨 피팅 베이스 [SPF41/PA++++]
4.13,30ml ," 28,000원",페이스메이크업,35,민감성,여,4.0,True,에스쁘아/피치 스킨 피팅 베이스 [SPF41/PA++++]
4.13,30ml ," 28,000원",페이스메이크업,29,민감성,여,4.0,True,에스쁘아/피치 스킨 피팅 베이스 [SPF41/PA++++]
3.99,50ml ," 18,000원",페이스메이크업,26,민감성,여,4.0,True,미샤/글로우 스킨밤
3.93,30ml ," 25,000원",페이스메이크업,32,복합성,여,4.0,True,지베르니/밀착 톤데이션 [SPF50+/PA+++]
3.89,22ml ," 46,000원",페이스메이크업,25,지성,여,5.0,True,베네피트/더 포어페셔널
3.89,22ml ," 46,000원",페이스메이크업,33,복합성,여,5.0,True,베네피트/더 포어페셔널
4.23,50ml ," 65,000원",페이스메이크업,26,건성,여,4.0,True,피몽쉐/아쿠아 블레미쉬 커버 밤
4.23,50ml ," 65,000원",페이스메이크업,24,복합성,여,4.0,True,피몽쉐/아쿠아 블레미쉬 커버 밤
4.23,50ml ," 65,000원",페이스메이크업,33,복합성,여,4.0,True,피몽쉐/아쿠아 블레미쉬 커버 밤
4.23,50ml ," 65,000원",페이스메이크업,34,민감성,여,4.0,True,피몽쉐/아쿠아 블레미쉬 커버 밤
4.09,50g ," 28,000원",페이스메이크업,35,복합성,여,4.0,True,토니모리/결 고운 비비크림 [SPF46/PA++]
4.1,45ml ," 40,000원",페이스메이크업,26,복합성,여,5.0,True,에르보리앙/BB 크림 [SPF20]
4.1,45ml ," 40,000원",페이스메이크업,31,복합성,여,4.0,True,에르보리앙/BB 크림 [SPF20]
4.16,50ml ," 32,000원",페이스메이크업,36,민감성,여,5.0,True,닥터자르트/더메이크업 디스어포어 뷰티 밤 [SPF30/PA++]
4.16,50ml ," 32,000원",페이스메이크업,26,복합성,여,5.0,True,닥터자르트/더메이크업 디스어포어 뷰티 밤 [SPF30/PA++]
3.98,50ml ," 27,000원",페이스메이크업,21,복합성,여,5.0,True,미샤/M 초보양 비비 크림 [SPF30/PA++]
3.98,50ml ," 27,000원",페이스메이크업,29,건성,여,4.0,True,미샤/M 초보양 비비 크림 [SPF30/PA++]
3.89,50ml ," 30,000원",페이스메이크업,36,건성,여,4.0,True,미바/이온칼슘 미네랄 비비크림 [SPF50+/PA+++]
3.89,50ml ," 30,000원",페이스메이크업,24,건성,여,4.0,True,미바/이온칼슘 미네랄 비비크림 [SPF50+/PA+++]
3.78,40ml ," 15,900원",페이스메이크업,27,중성,여,4.0,True,디어클레어스/일루미네이팅 서플 블레미쉬 크림 [SPF40/PA++]
3.82,50ml ," 66,000원",페이스메이크업,25,중성,여,4.0,True,셀퓨전씨/스킨 블레미쉬 밤
3.77,50ml ," 18,000원",페이스메이크업,34,복합성,여,4.0,True,미샤/M 퍼펙트 커버 비비크림 RX [SPF42/PA+++]
4.67,15g ," 38,000원",페이스메이크업,34,건성,여,5.0,True,레노덤/데이롱 BB크림 [SPF37/PA++]
3.82,30ml ," 25,000원",페이스메이크업,25,복합성,여,4.0,True,바닐라코/잇 래디언트 씨씨 커버 [SPF30/PA++]
3.82,30ml ," 25,000원",페이스메이크업,20,민감성,여,5.0,True,바닐라코/잇 래디언트 씨씨 커버 [SPF30/PA++]
3.82,30ml ," 25,000원",페이스메이크업,22,건성,여,5.0,True,바닐라코/잇 래디언트 씨씨 커버 [SPF30/PA++]
3.82,30ml ," 25,000원",페이스메이크업,31,복합성,여,5.0,True,바닐라코/잇 래디언트 씨씨 커버 [SPF30/PA++]
3.82,30ml ," 25,000원",페이스메이크업,33,복합성,여,5.0,True,바닐라코/잇 래디언트 씨씨 커버 [SPF30/PA++]
3.82,30ml ," 25,000원",페이스메이크업,34,복합성,여,4.0,True,바닐라코/잇 래디언트 씨씨 커버 [SPF30/PA++]
4.04,15ml ," 20,000원",페이스메이크업,32,건성,여,5.0,True,에르보리앙/CC 레드 코렉트
4.04,15ml ," 20,000원",페이스메이크업,33,건성,여,5.0,True,에르보리앙/CC 레드 코렉트
4.04,15ml ," 20,000원",페이스메이크업,39,건성,여,4.0,True,에르보리앙/CC 레드 코렉트
4.04,15ml ," 20,000원",페이스메이크업,32,지성,여,5.0,True,에르보리앙/CC 레드 코렉트
4.04,15ml ," 20,000원",페이스메이크업,27,복합성,여,5.0,True,에르보리앙/CC 레드 코렉트
4.04,15ml ," 20,000원",페이스메이크업,25,지성,여,5.0,True,에르보리앙/CC 레드 코렉트
4.08,30g ," 87,000원",페이스메이크업,45,복합성,여,5.0,True,에스케이투/애트모스피어 CC 크림 [SPF50/PA+++]
3.61,30ml ," 78,000원",페이스메이크업,53,건성,여,5.0,True,샤넬/CC 크림 [SPF50/PA+++]
3.61,30ml ," 78,000원",페이스메이크업,30,민감성,여,4.0,True,샤넬/CC 크림 [SPF50/PA+++]
3.61,30ml ," 78,000원",페이스메이크업,24,복합성,여,4.0,True,샤넬/CC 크림 [SPF50/PA+++]
3.9,12g ," 77,000원",페이스메이크업,21,복합성,여,5.0,True,지방시 뷰티/렝뗑뽀렐 블라썸 프레시 페이스 컴팩트 크림(멀티 핑크 톤업 CC) [SPF15/PA+]
4.75,35ml ," 30,000원",페이스메이크업,22,건성,여,4.0,True,힐루시/컴플리트 에센셜 씨씨크림 [SPF50+/PA++++]
4.75,35ml ," 30,000원",페이스메이크업,21,복합성,여,5.0,True,힐루시/컴플리트 에센셜 씨씨크림 [SPF50+/PA++++]
4.75,35ml ," 30,000원",페이스메이크업,27,건성,여,5.0,True,힐루시/컴플리트 에센셜 씨씨크림 [SPF50+/PA++++]
4.75,35ml ," 30,000원",페이스메이크업,24,지성,여,5.0,True,힐루시/컴플리트 에센셜 씨씨크림 [SPF50+/PA++++]
4.6,30ml ," 39,000원",페이스메이크업,31,지성,여,5.0,True,아를린/CC크림 [SPF37/PA++]
4.0,40ml ," 73,000원",페이스메이크업,47,건성,여,5.0,True,입생로랑 뷰티/탑 시크릿 CC크림 컬러 코렉터
4.16,118ml ," 39,000원",페이스메이크업,25,중성,여,4.0,True,어반디케이/올 나이터 메이크업 세팅 스프레이
4.16,118ml ," 39,000원",페이스메이크업,28,중성,여,4.0,True,어반디케이/올 나이터 메이크업 세팅 스프레이
4.16,118ml ," 39,000원",페이스메이크업,31,건성,여,5.0,True,어반디케이/올 나이터 메이크업 세팅 스프레이
4.16,118ml ," 39,000원",페이스메이크업,24,복합성,여,4.0,True,어반디케이/올 나이터 메이크업 세팅 스프레이
4.16,118ml ," 39,000원",페이스메이크업,34,복합성,여,4.0,True,어반디케이/올 나이터 메이크업 세팅 스프레이
4.16,118ml ," 39,000원",페이스메이크업,25,지성,여,5.0,True,어반디케이/올 나이터 메이크업 세팅 스프레이
4.16,118ml ," 39,000원",페이스메이크업,34,복합성,여,4.0,True,어반디케이/올 나이터 메이크업 세팅 스프레이
4.16,118ml ," 39,000원",페이스메이크업,26,건성,여,4.0,True,어반디케이/올 나이터 메이크업 세팅 스프레이
4.16,118ml ," 39,000원",페이스메이크업,25,지성,여,5.0,True,어반디케이/올 나이터 메이크업 세팅 스프레이
4.16,118ml ," 39,000원",페이스메이크업,34,복합성,여,5.0,True,어반디케이/올 나이터 메이크업 세팅 스프레이
4.16,118ml ," 39,000원",페이스메이크업,31,지성,여,5.0,True,어반디케이/올 나이터 메이크업 세팅 스프레이
4.16,118ml ," 39,000원",페이스메이크업,25,복합성,여,4.0,True,어반디케이/올 나이터 메이크업 세팅 스프레이
4.16,118ml ," 39,000원",페이스메이크업,23,복합성,여,4.0,True,어반디케이/올 나이터 메이크업 세팅 스프레이
4.16,118ml ," 39,000원",페이스메이크업,41,건성,여,5.0,True,어반디케이/올 나이터 메이크업 세팅 스프레이
4.16,118ml ," 39,000원",페이스메이크업,32,복합성,여,5.0,True,어반디케이/올 나이터 메이크업 세팅 스프레이
4.06,75ml ," 19,000원",페이스메이크업,33,복합성,여,5.0,True,쏘내추럴/리얼 매트 메이크업 세팅 픽서
4.06,75ml ," 19,000원",페이스메이크업,28,복합성,여,5.0,True,쏘내추럴/리얼 매트 메이크업 세팅 픽서
3.92,75ml ," 18,000원",페이스메이크업,32,복합성,여,5.0,True,쏘내추럴/올데이 타이트 메이크업 세팅 픽서
3.92,75ml ," 18,000원",페이스메이크업,24,복합성,여,5.0,True,쏘내추럴/올데이 타이트 메이크업 세팅 픽서
3.92,75ml ," 18,000원",페이스메이크업,27,중성,여,4.0,True,쏘내추럴/올데이 타이트 메이크업 세팅 픽서
3.92,75ml ," 18,000원",페이스메이크업,21,복합성,여,4.0,True,쏘내추럴/올데이 타이트 메이크업 세팅 픽서
3.92,75ml ," 18,000원",페이스메이크업,28,복합성,여,4.0,True,쏘내추럴/올데이 타이트 메이크업 세팅 픽서
3.92,75ml ," 18,000원",페이스메이크업,26,민감성,여,4.0,True,쏘내추럴/올데이 타이트 메이크업 세팅 픽서
3.92,75ml ," 18,000원",페이스메이크업,31,복합성,여,4.0,True,쏘내추럴/올데이 타이트 메이크업 세팅 픽서
3.91,110ml ," 32,000원",페이스메이크업,30,건성,여,5.0,True,헤라/메이크업 픽서
3.91,110ml ," 32,000원",페이스메이크업,41,복합성,여,4.0,True,헤라/메이크업 픽서
3.91,110ml ," 32,000원",페이스메이크업,27,복합성,여,4.0,True,헤라/메이크업 픽서
3.74,50ml ," 17,000원",페이스메이크업,26,민감성,여,4.0,True,자트인사이트/울트라 세팅 진짜 픽서
3.74,50ml ," 17,000원",페이스메이크업,41,복합성,여,4.0,True,자트인사이트/울트라 세팅 진짜 픽서
3.74,50ml ," 17,000원",페이스메이크업,22,지성,여,5.0,True,자트인사이트/울트라 세팅 진짜 픽서
3.7,100ml ," 39,000원",페이스메이크업,32,건성,여,5.0,True,메이크업포에버/미스트 앤 픽스
4.19,100ml ," 60,000원",페이스메이크업,30,지성,여,4.0,True,입생로랑 뷰티/탑 시크릿 메이크업 세팅 스프레이
4.65,118ml ," 39,000원",페이스메이크업,32,복합성,여,4.0,True,어반디케이/올나이트 울트라 글로우 픽서
4.5,100ml ," 18,000원",페이스메이크업,27,건성,여,5.0,True,루나/롱래스팅 세팅 픽서
3.73,80ml ," 16,000원",페이스메이크업,26,지성,여,4.0,True,투쿨포스쿨/피니쉬 세팅 픽서
4.5,4.5g ," 22,000원",립메이크업,22,지성,여,4.0,True,에스쁘아/노웨어 샤인
4.51,3.2g ," 46,000원",립메이크업,32,복합성,여,4.0,True,입생로랑 뷰티/루쥬 볼립떼 쉬머 샤인
4.51,3.2g ," 46,000원",립메이크업,25,복합성,여,4.0,True,입생로랑 뷰티/루쥬 볼립떼 쉬머 샤인
4.51,3.2g ," 46,000원",립메이크업,29,건성,여,4.0,True,입생로랑 뷰티/루쥬 볼립떼 쉬머 샤인
4.48,3g ," 12,000원",립메이크업,25,민감성,여,5.0,True,페리페라/잉크 무드 매트 스틱
4.48,3g ," 12,000원",립메이크업,27,복합성,여,4.0,True,페리페라/잉크 무드 매트 스틱
4.48,3g ," 12,000원",립메이크업,22,지성,여,4.0,True,페리페라/잉크 무드 매트 스틱
4.48,3g ," 12,000원",립메이크업,26,건성,여,5.0,True,페리페라/잉크 무드 매트 스틱
4.41,3g ," 47,000원",립메이크업,24,복합성,여,5.0,True,샤넬/루쥬 코코 플래쉬
4.43,3.4g ," 43,000원",립메이크업,29,복합성,여,5.0,True,바비브라운/럭스 샤인 인텐스 립스틱
4.38,3g ," 31,000원",립메이크업,35,민감성,여,5.0,True,맥/새틴 립스틱
4.27,3.9g ," 19,000원",립메이크업,26,복합성,여,5.0,True,오페라/립 틴트
4.27,3.9g ," 19,000원",립메이크업,31,복합성,여,4.0,True,오페라/립 틴트
4.3,4.5g ," 16,000원",립메이크업,29,건성,여,4.0,True,클리오/매드 매트 립
4.36,4g ," 12,000원",립메이크업,24,건성,여,5.0,True,에뛰드/픽싱 틴트
4.36,4g ," 12,000원",립메이크업,27,건성,여,4.0,True,에뛰드/픽싱 틴트
4.36,4g ," 12,000원",립메이크업,31,민감성,여,5.0,True,에뛰드/픽싱 틴트
4.36,4g ," 12,000원",립메이크업,31,건성,여,5.0,True,에뛰드/픽싱 틴트
4.39,4g ," 13,000원",립메이크업,22,건성,여,4.0,True,롬앤/(한복 프로젝트) 글래스팅 워터 틴트
4.38,4g ," 20,000원",립메이크업,23,건성,여,5.0,True,어뮤즈/듀 틴트
4.38,4g ," 20,000원",립메이크업,28,지성,여,4.0,True,어뮤즈/듀 틴트
4.38,4g ," 20,000원",립메이크업,37,복합성,여,4.0,True,어뮤즈/듀 틴트
4.37,4g ," 9,000원",립메이크업,23,중성,여,4.0,True,페리페라/(누디 브루 컬렉션) 잉크 더 벨벳
4.27,5g ," 35,000원",립메이크업,37,복합성,여,4.0,True,헤라/센슈얼 스파이시 누드 글로스
4.41,3g ," 23,000원",립메이크업,31,민감성,여,5.0,True,부르조아/벨벳 펜슬
4.41,3g ," 23,000원",립메이크업,30,민감성,여,4.0,True,부르조아/벨벳 펜슬
4.41,3g ," 23,000원",립메이크업,28,복합성,여,4.0,True,부르조아/벨벳 펜슬
4.41,3g ," 23,000원",립메이크업,25,건성,여,5.0,True,부르조아/벨벳 펜슬
4.17,2.2g ," 37,000원",립메이크업,28,복합성,여,4.0,True,나스/새틴 립 펜슬
4.17,2.4g ," 37,000원",립메이크업,36,민감성,여,4.0,True,나스/벨벳 매트 립 펜슬
4.17,2.4g ," 37,000원",립메이크업,31,복합성,여,5.0,True,나스/벨벳 매트 립 펜슬
4.17,2.4g ," 37,000원",립메이크업,24,건성,여,4.0,True,나스/벨벳 매트 립 펜슬
4.17,2.4g ," 37,000원",립메이크업,28,중성,여,4.0,True,나스/벨벳 매트 립 펜슬
4.17,2.4g ," 37,000원",립메이크업,35,복합성,여,5.0,True,나스/벨벳 매트 립 펜슬
4.17,2.4g ," 37,000원",립메이크업,37,건성,여,5.0,True,나스/벨벳 매트 립 펜슬
4.17,2.4g ," 37,000원",립메이크업,33,복합성,여,5.0,True,나스/벨벳 매트 립 펜슬
4.26,2.5g ," 34,000원",립메이크업,34,중성,여,4.0,True,메이크업포에버/아티스트 립 블러쉬
4.15,2.5g ," 14,000원",립메이크업,25,건성,여,5.0,True,마몽드/크리미틴트 컬러밤 쉬폰
4.15,2.5g ," 14,000원",립메이크업,22,복합성,여,4.0,True,마몽드/크리미틴트 컬러밤 쉬폰
4.15,2.5g ," 14,000원",립메이크업,32,중성,여,5.0,True,마몽드/크리미틴트 컬러밤 쉬폰
4.15,2.5g ," 14,000원",립메이크업,26,민감성,여,4.0,True,마몽드/크리미틴트 컬러밤 쉬폰
4.15,2.5g ," 14,000원",립메이크업,23,건성,여,5.0,True,마몽드/크리미틴트 컬러밤 쉬폰
4.15,2.5g ," 14,000원",립메이크업,20,복합성,여,5.0,True,마몽드/크리미틴트 컬러밤 쉬폰
4.15,2.5g ," 14,000원",립메이크업,21,건성,여,4.0,True,마몽드/크리미틴트 컬러밤 쉬폰
4.15,2.5g ," 14,000원",립메이크업,23,건성,여,4.0,True,마몽드/크리미틴트 컬러밤 쉬폰
4.07,1.2g ," 12,000원",립메이크업,24,복합성,여,5.0,True,마몽드/크리미 틴트 컬러밤 글라이드
4.07,1.2g ," 12,000원",립메이크업,35,민감성,여,5.0,True,마몽드/크리미 틴트 컬러밤 글라이드
3.99,1.4g ," 9,000원",립메이크업,20,건성,여,5.0,True,더페이스샵/플랫 벨벳 스틱
3.96,0.2 g ," 2,000원",립메이크업,22,복합성,여,4.0,True,에뛰드/소프트 터치 오토 립 라이너
3.96,0.2 g ," 2,000원",립메이크업,23,건성,여,4.0,True,에뛰드/소프트 터치 오토 립 라이너
3.69,0.25g ," 3,800원",립메이크업,27,복합성,여,5.0,True,미샤/실키 래스팅 립 펜슬
4.37,4.5g ," 13,000원",립메이크업,26,민감성,여,5.0,True,롬앤/글래스팅 워터 글로스
4.37,4.5g ," 13,000원",립메이크업,22,건성,여,5.0,True,롬앤/글래스팅 워터 글로스
4.37,4.5g ," 13,000원",립메이크업,26,복합성,여,5.0,True,롬앤/글래스팅 워터 글로스
4.37,4.5g ," 13,000원",립메이크업,31,복합성,여,4.0,True,롬앤/글래스팅 워터 글로스
4.37,4.5g ," 13,000원",립메이크업,24,복합성,여,4.0,True,롬앤/글래스팅 워터 글로스
4.37,4.5g ," 13,000원",립메이크업,32,복합성,여,5.0,True,롬앤/글래스팅 워터 글로스
4.37,4.5g ," 13,000원",립메이크업,26,지성,여,5.0,True,롬앤/글래스팅 워터 글로스
4.37,4.5g ," 13,000원",립메이크업,24,민감성,여,5.0,True,롬앤/글래스팅 워터 글로스
4.37,4.5g ," 13,000원",립메이크업,27,민감성,여,5.0,True,롬앤/글래스팅 워터 글로스
4.37,4.5g ," 13,000원",립메이크업,20,지성,여,5.0,True,롬앤/글래스팅 워터 글로스
4.37,4.5g ," 13,000원",립메이크업,19,복합성,여,5.0,True,롬앤/글래스팅 워터 글로스
4.37,4.5g ," 13,000원",립메이크업,27,중성,여,5.0,True,롬앤/글래스팅 워터 글로스
4.15,8g ," 36,000원",립메이크업,28,건성,여,4.0,True,나스/립 글로스
4.12,8g ," 11,000원",립메이크업,26,건성,여,5.0,True,롬앤/립매터
4.12,8g ," 11,000원",립메이크업,26,민감성,여,4.0,True,롬앤/립매터
4.06,3.5g ," 20,000원",립메이크업,24,건성,여,5.0,True,키핀터치/젤리 립 플럼퍼 틴트
4.06,3.5g ," 20,000원",립메이크업,41,건성,여,4.0,True,키핀터치/젤리 립 플럼퍼 틴트
4.06,3.5g ," 20,000원",립메이크업,21,지성,여,5.0,True,키핀터치/젤리 립 플럼퍼 틴트
3.98,6ml ," 45,000원",립메이크업,23,복합성,여,5.0,True,디올/어딕트 립 맥시마이저
3.98,6ml ," 45,000원",립메이크업,28,복합성,여,5.0,True,디올/어딕트 립 맥시마이저
3.98,6ml ," 45,000원",립메이크업,28,건성,여,5.0,True,디올/어딕트 립 맥시마이저
4.64,6.5ml ," 30,000원",립메이크업,22,민감성,여,4.0,True,투페이스드/립 인젝션 파워 플럼핑 립 글로스
4.64,6.5ml ," 30,000원",립메이크업,23,복합성,여,5.0,True,투페이스드/립 인젝션 파워 플럼핑 립 글로스
4.64,6.5ml ," 30,000원",립메이크업,20,지성,여,5.0,True,투페이스드/립 인젝션 파워 플럼핑 립 글로스
4.64,6.5ml ," 30,000원",립메이크업,41,건성,여,5.0,True,투페이스드/립 인젝션 파워 플럼핑 립 글로스
4.64,6.5ml ," 30,000원",립메이크업,36,건성,여,5.0,True,투페이스드/립 인젝션 파워 플럼핑 립 글로스
4.64,6.5ml ," 30,000원",립메이크업,30,복합성,여,5.0,True,투페이스드/립 인젝션 파워 플럼핑 립 글로스
4.64,6.5ml ," 30,000원",립메이크업,34,복합성,여,5.0,True,투페이스드/립 인젝션 파워 플럼핑 립 글로스
4.64,6.5ml ," 30,000원",립메이크업,31,민감성,여,5.0,True,투페이스드/립 인젝션 파워 플럼핑 립 글로스
4.33,1.7g ," 29,000원",립메이크업,29,민감성,여,5.0,True,맥/프렙+프라임 립
4.33,1.7g ," 29,000원",립메이크업,27,중성,여,4.0,True,맥/프렙+프라임 립
4.33,1.7g ," 29,000원",립메이크업,33,복합성,여,5.0,True,맥/프렙+프라임 립
4.33,1.7g ," 29,000원",립메이크업,32,건성,여,4.0,True,맥/프렙+프라임 립
4.33,1.7g ," 29,000원",립메이크업,34,건성,여,5.0,True,맥/프렙+프라임 립
4.33,1.7g ," 29,000원",립메이크업,22,복합성,여,5.0,True,맥/프렙+프라임 립
4.33,1.7g ," 29,000원",립메이크업,29,지성,여,5.0,True,맥/프렙+프라임 립
4.33,1.7g ," 29,000원",립메이크업,30,지성,여,4.0,True,맥/프렙+프라임 립
4.33,1.7g ," 29,000원",립메이크업,41,복합성,여,5.0,True,맥/프렙+프라임 립
4.33,1.7g ," 29,000원",립메이크업,43,중성,여,4.0,True,맥/프렙+프라임 립
4.33,1.7g ," 29,000원",립메이크업,34,건성,여,5.0,True,맥/프렙+프라임 립
4.33,1.7g ," 29,000원",립메이크업,30,민감성,여,4.0,True,맥/프렙+프라임 립
4.33,1.7g ," 29,000원",립메이크업,24,복합성,여,4.0,True,맥/프렙+프라임 립
4.33,1.7g ," 29,000원",립메이크업,29,지성,여,4.0,True,맥/프렙+프라임 립
4.33,1.7g ," 29,000원",립메이크업,35,복합성,여,5.0,True,맥/프렙+프라임 립
4.33,1.7g ," 29,000원",립메이크업,25,복합성,여,5.0,True,맥/프렙+프라임 립
4.33,1.7g ," 29,000원",립메이크업,26,복합성,여,5.0,True,맥/프렙+프라임 립
4.33,1.7g ," 29,000원",립메이크업,36,복합성,여,4.0,True,맥/프렙+프라임 립
4.33,1.7g ," 29,000원",립메이크업,34,민감성,여,4.0,True,맥/프렙+프라임 립
4.33,1.7g ," 29,000원",립메이크업,34,건성,여,4.0,True,맥/프렙+프라임 립
4.33,1.7g ," 29,000원",립메이크업,27,건성,여,5.0,True,맥/프렙+프라임 립
4.33,1.7g ," 29,000원",립메이크업,25,복합성,여,4.0,True,맥/프렙+프라임 립
4.33,1.7g ," 29,000원",립메이크업,27,건성,여,4.0,True,맥/프렙+프라임 립
4.33,1.7g ," 29,000원",립메이크업,31,복합성,여,5.0,True,맥/프렙+프라임 립
4.33,1.7g ," 29,000원",립메이크업,31,복합성,여,4.0,True,맥/프렙+프라임 립
4.33,1.7g ," 29,000원",립메이크업,39,복합성,여,4.0,True,맥/프렙+프라임 립
4.33,1.7g ," 29,000원",립메이크업,19,지성,여,5.0,True,맥/프렙+프라임 립
4.33,1.7g ," 29,000원",립메이크업,21,민감성,여,5.0,True,맥/프렙+프라임 립
4.3,3.5g ," 15,000원",립메이크업,25,지성,여,4.0,True,3CE/립 프라이머
4.3,3.5g ," 15,000원",립메이크업,23,건성,여,4.0,True,3CE/립 프라이머
4.3,3.5g ," 15,000원",립메이크업,20,민감성,여,5.0,True,3CE/립 프라이머
4.0,0.7g ," 10,000원",립메이크업,25,지성,여,4.0,True,칼리/립 프라이머
4.0,0.7g ," 10,000원",립메이크업,23,건성,여,4.0,True,칼리/립 프라이머
4.0,0.7g ," 10,000원",립메이크업,20,민감성,여,5.0,True,칼리/립 프라이머
0.0,2.83g , 가격미정,립메이크업,25,지성,여,4.0,True,NYX/립 프라이머
0.0,2.83g , 가격미정,립메이크업,23,건성,여,4.0,True,NYX/립 프라이머
0.0,2.83g , 가격미정,립메이크업,20,민감성,여,5.0,True,NYX/립 프라이머
0.0,4.5g ," 23,000원",립메이크업,25,지성,여,4.0,True,아나스타샤 베버리힐즈/립 프라이머
0.0,4.5g ," 23,000원",립메이크업,23,건성,여,4.0,True,아나스타샤 베버리힐즈/립 프라이머
0.0,4.5g ," 23,000원",립메이크업,20,민감성,여,5.0,True,아나스타샤 베버리힐즈/립 프라이머
5.0,10ml ," 35,000원",립메이크업,26,복합성,여,5.0,True,메이크업포에버/스텝1 아이 앤 립 프라이머
3.36,15ml ," 41,000원",립메이크업,34,복합성,여,5.0,True,입생로랑 뷰티/탑 시크릿 립 퍼펙터
4.0,3.7g , 가격미정,립메이크업,32,건성,여,4.0,True,케이트/CC 립 프라이머 틴트 [SPF10/PA+]
4.52,7g ," 5,000원",립메이크업,32,건성,여,5.0,True,바세린/립테라피 오리지널
4.52,7g ," 5,000원",립메이크업,29,건성,여,5.0,True,바세린/립테라피 오리지널
4.52,7g ," 5,000원",립메이크업,23,민감성,여,4.0,True,바세린/립테라피 오리지널
4.52,3.5g ," 6,000원",립메이크업,26,건성,여,5.0,True,이니스프리/유채꿀 립 밤 [초보습]
4.46,20g ," 20,000원",립메이크업,33,민감성,여,4.0,True,라네즈/립 슬리핑 마스크 EX
4.46,20g ," 20,000원",립메이크업,22,복합성,여,5.0,True,라네즈/립 슬리핑 마스크 EX
4.4,2.3g ," 44,000원",립메이크업,26,민감성,여,5.0,True,바비브라운/엑스트라 립 틴트
4.4,2.3g ," 44,000원",립메이크업,28,복합성,여,4.0,True,바비브라운/엑스트라 립 틴트
4.38,3.2g ," 45,000원",립메이크업,28,건성,여,5.0,True,디올/어딕트 립 글로우
4.41,7g ," 4,000원",립메이크업,28,건성,여,5.0,True,블리스텍스/립 메덱스
4.3,3.5g ," 35,000원",립메이크업,22,복합성,여,5.0,True,헤라/센슈얼 스파이시 누드 밤
4.3,3.5g ," 35,000원",립메이크업,30,건성,여,5.0,True,헤라/센슈얼 스파이시 누드 밤
4.33,3.4g ," 13,000원",립메이크업,25,민감성,여,5.0,True,웨이크메이크/비타민 수분톡 틴트 립밤
4.31,25g ," 9,000원",립메이크업,26,민감성,여,5.0,True,아리따움/진저 슈가 오버나이트 립 마스크
4.31,25g ," 9,000원",립메이크업,48,복합성,여,5.0,True,아리따움/진저 슈가 오버나이트 립 마스크
4.55,0.4ml ," 22,000원",아이메이크업,27,복합성,여,4.0,True,키스미/히로인메이크 프라임 리퀴드 아이라이너 리치 킵
4.55,0.4ml ," 22,000원",아이메이크업,24,복합성,여,4.0,True,키스미/히로인메이크 프라임 리퀴드 아이라이너 리치 킵
4.53,0.5g ," 14,000원",아이메이크업,27,복합성,여,4.0,True,토니모리/더 쇼킹 비건라이너 수퍼픽싱
4.52,0.6g ," 15,000원",아이메이크업,32,건성,여,5.0,True,어퓨/본투비 매드프루프 리퀴드아이라이너
4.43,0.5g ," 5,900원",아이메이크업,23,건성,여,5.0,True,홀리카홀리카/홀리팝 쌍테라이너
4.43,0.5g ," 5,900원",아이메이크업,24,복합성,여,5.0,True,홀리카홀리카/홀리팝 쌍테라이너
4.43,0.5g ," 5,900원",아이메이크업,32,복합성,여,4.0,True,홀리카홀리카/홀리팝 쌍테라이너
4.42,1.5g ," 18,000원",아이메이크업,27,건성,여,5.0,True,에스쁘아/브론즈 페인팅 워터프루프 아이 펜슬
4.32,0.4ml ," 18,000원",아이메이크업,26,지성,여,5.0,True,키스미/히로인 메이크 스무스 리퀴드 아이라이너 슈퍼 킵
4.28,0.14g ," 10,000원",아이메이크업,25,지성,여,5.0,True,클리오/샤프 쏘 심플 워터프루프 펜슬 라이너
4.28,0.14g ," 10,000원",아이메이크업,20,복합성,여,5.0,True,클리오/샤프 쏘 심플 워터프루프 펜슬 라이너
4.28,0.14g ," 10,000원",아이메이크업,48,복합성,여,4.0,True,클리오/샤프 쏘 심플 워터프루프 펜슬 라이너
4.28,0.14g ," 10,000원",아이메이크업,22,건성,여,5.0,True,클리오/샤프 쏘 심플 워터프루프 펜슬 라이너
4.25,0.25g ," 9,000원",아이메이크업,35,민감성,여,4.0,True,컬러그램/아티스트 포뮬라 크림 라이너
4.19,0.1g ," 6,500원",아이메이크업,20,복합성,여,4.0,True,삐아/라스트 오토 젤 아이라이너 슬림
4.19,0.1g ," 6,500원",아이메이크업,24,복합성,여,4.0,True,삐아/라스트 오토 젤 아이라이너 슬림
4.2,0.05g ," 6,900원",아이메이크업,29,복합성,여,5.0,True,머지/더 퍼스트 슬림 젤 아이라이너
4.55,4g ," 34,000원",아이메이크업,33,민감성,여,5.0,True,슈에무라/하드 포뮬라
4.48,0.05g ," 5,000원",아이메이크업,25,민감성,여,5.0,True,페리페라/스피디 스키니 브로우
4.48,0.05g ," 5,000원",아이메이크업,27,복합성,여,5.0,True,페리페라/스피디 스키니 브로우
4.48,0.08g ," 10,000원",아이메이크업,26,복합성,여,5.0,True,어퓨/본투비 매드프루프 스키니 브로우펜슬
4.51,0.17g ," 11,000원",아이메이크업,22,건성,여,4.0,True,롬앤/한올 플랫 브로우
4.51,0.17g ," 11,000원",아이메이크업,21,복합성,여,5.0,True,롬앤/한올 플랫 브로우
4.51,0.17g ," 11,000원",아이메이크업,27,건성,여,4.0,True,롬앤/한올 플랫 브로우
4.42,0.15g ," 12,000원",아이메이크업,27,복합성,여,4.0,True,이니스프리/심플라벨 래스팅 펜슬 브로우
4.37,0.08g ," 38,000원",아이메이크업,31,지성,여,4.0,True,베네피트/프리사이슬리 마이 브로우 펜슬
4.37,0.08g ," 38,000원",아이메이크업,25,지성,여,4.0,True,베네피트/프리사이슬리 마이 브로우 펜슬
4.29,4g ," 6,000원",아이메이크업,21,민감성,여,4.0,True,아리따움/아이돌 브로우 파우더 케익
4.29,4g ," 6,000원",아이메이크업,23,복합성,여,4.0,True,아리따움/아이돌 브로우 파우더 케익
4.38,0.1g ," 13,000원",아이메이크업,23,복합성,여,5.0,True,웨이크메이크/내추럴 하드 브로우 펜슬
4.38,0.1g ," 13,000원",아이메이크업,31,복합성,여,5.0,True,웨이크메이크/내추럴 하드 브로우 펜슬
4.38,0.1g ," 13,000원",아이메이크업,30,지성,여,5.0,True,웨이크메이크/내추럴 하드 브로우 펜슬
4.38,0.1g ," 13,000원",아이메이크업,29,건성,여,5.0,True,웨이크메이크/내추럴 하드 브로우 펜슬
4.26,8g ," 15,000원",아이메이크업,40,건성,여,5.0,True,키스미/헤비로테이션 컬러링 아이브로우
4.26,8g ," 15,000원",아이메이크업,30,건성,여,5.0,True,키스미/헤비로테이션 컬러링 아이브로우
4.26,8g ," 15,000원",아이메이크업,36,복합성,여,5.0,True,키스미/헤비로테이션 컬러링 아이브로우
4.26,8g ," 15,000원",아이메이크업,28,복합성,여,4.0,True,키스미/헤비로테이션 컬러링 아이브로우
4.26,8g ," 15,000원",아이메이크업,42,복합성,여,4.0,True,키스미/헤비로테이션 컬러링 아이브로우
4.3,0.34g ," 38,000원",아이메이크업,34,복합성,여,5.0,True,베네피트/구프 프루프 브로우 펜슬
4.61,2.5g ," 48,000원",아이메이크업,32,건성,여,5.0,True,바비브라운/럭스 아이섀도우
4.6,10g ," 32,000원",아이메이크업,28,건성,여,5.0,True,웨이크메이크/소프트 블러링 아이팔레트
4.53,2.5g ," 38,000원",아이메이크업,32,건성,여,5.0,True,바비브라운/아이섀도우
4.56,0.6g*10 ," 32,000원",아이메이크업,22,복합성,여,5.0,True,클리오/프로 아이 팔레트 AD
4.48,7.5g ," 19,000원",아이메이크업,24,복합성,여,4.0,True,데이지크/무드 업 마스카라 롱앤컬
4.48,7.5g ," 19,000원",아이메이크업,54,중성,여,4.0,True,데이지크/무드 업 마스카라 롱앤컬
4.48,7.5g ," 19,000원",아이메이크업,22,건성,여,5.0,True,데이지크/무드 업 마스카라 롱앤컬
4.48,7.5g ," 19,000원",아이메이크업,25,건성,여,4.0,True,데이지크/무드 업 마스카라 롱앤컬
4.43,8g ," 15,000원",아이메이크업,25,건성,여,5.0,True,에뛰드/컬 픽스 마스카라
4.43,8g ," 15,000원",아이메이크업,23,복합성,여,5.0,True,에뛰드/컬 픽스 마스카라
4.43,8g ," 15,000원",아이메이크업,21,복합성,여,5.0,True,에뛰드/컬 픽스 마스카라
4.43,8g ," 15,000원",아이메이크업,22,복합성,여,5.0,True,에뛰드/컬 픽스 마스카라
4.43,8g ," 15,000원",아이메이크업,29,지성,여,5.0,True,에뛰드/컬 픽스 마스카라
4.37,7g ," 18,000원",아이메이크업,22,복합성,여,4.0,True,클리오/킬래쉬 수퍼프루프 마스카라 [롱 컬링]
4.44,9ml ," 16,000원",아이메이크업,26,지성,여,4.0,True,홀리카홀리카/래쉬 코렉팅 케어 에센셜 세럼
4.44,9ml ," 16,000원",아이메이크업,20,복합성,여,4.0,True,홀리카홀리카/래쉬 코렉팅 케어 에센셜 세럼
4.31,8ml ," 6,000원",아이메이크업,32,건성,여,4.0,True,아리따움/아이돌 리얼 래쉬 픽서
4.31,8ml ," 6,000원",아이메이크업,20,복합성,여,5.0,True,아리따움/아이돌 리얼 래쉬 픽서
4.31,8ml ," 6,000원",아이메이크업,31,복합성,여,4.0,True,아리따움/아이돌 리얼 래쉬 픽서
4.31,6g ," 22,000원",아이메이크업,27,복합성,여,5.0,True,키스미/히로인메이크 롱 업 마스카라 슈퍼 워터프루프
4.31,6g ," 22,000원",아이메이크업,31,복합성,여,4.0,True,키스미/히로인메이크 롱 업 마스카라 슈퍼 워터프루프
4.39,8g ," 36,000원",아이메이크업,23,복합성,여,5.0,True,나스/프로-프라임 스머지 프루프 아이섀도우 베이스
4.39,8g ," 36,000원",아이메이크업,37,복합성,여,5.0,True,나스/프로-프라임 스머지 프루프 아이섀도우 베이스
4.39,8g ," 36,000원",아이메이크업,32,건성,여,4.0,True,나스/프로-프라임 스머지 프루프 아이섀도우 베이스
4.37,12ml ," 33,000원",아이메이크업,33,민감성,여,5.0,True,맥/프렙+프라임 24-아워 익스텐드 아이 베이스
4.37,12ml ," 33,000원",아이메이크업,43,민감성,여,5.0,True,맥/프렙+프라임 24-아워 익스텐드 아이 베이스
4.23,7.5g ," 9,800원",아이메이크업,23,건성,여,5.0,True,미샤/컬러 픽스 아이 프라이머
4.23,7.5g ," 9,800원",아이메이크업,23,복합성,여,5.0,True,미샤/컬러 픽스 아이 프라이머
4.23,7.5g ," 9,800원",아이메이크업,22,복합성,여,4.0,True,미샤/컬러 픽스 아이 프라이머
4.23,7.5g ," 9,800원",아이메이크업,28,건성,여,5.0,True,미샤/컬러 픽스 아이 프라이머
4.23,7.5g ," 9,800원",아이메이크업,23,건성,여,4.0,True,미샤/컬러 픽스 아이 프라이머
4.28,10ml ," 32,000원",아이메이크업,36,복합성,여,5.0,True,어반디케이/아이섀도우 프라이머 포션
4.28,10ml ," 32,000원",아이메이크업,33,복합성,여,5.0,True,어반디케이/아이섀도우 프라이머 포션
4.28,10ml ," 32,000원",아이메이크업,28,복합성,여,5.0,True,어반디케이/아이섀도우 프라이머 포션
4.28,10ml ," 32,000원",아이메이크업,25,지성,여,5.0,True,어반디케이/아이섀도우 프라이머 포션
4.28,10ml ," 32,000원",아이메이크업,25,건성,여,4.0,True,어반디케이/아이섀도우 프라이머 포션
4.28,10ml ," 32,000원",아이메이크업,27,중성,여,5.0,True,어반디케이/아이섀도우 프라이머 포션
4.23,6.5g ," 16,000원",아이메이크업,28,중성,여,4.0,True,VDL/엑스퍼트 컬러 프라이머 포 아이즈
4.23,6.5g ," 16,000원",아이메이크업,26,복합성,여,4.0,True,VDL/엑스퍼트 컬러 프라이머 포 아이즈
4.23,6.5g ," 16,000원",아이메이크업,16,건성,여,4.0,True,VDL/엑스퍼트 컬러 프라이머 포 아이즈
4.23,6.5g ," 16,000원",아이메이크업,35,복합성,여,5.0,True,VDL/엑스퍼트 컬러 프라이머 포 아이즈
4.23,6.5g ," 16,000원",아이메이크업,35,지성,여,4.0,True,VDL/엑스퍼트 컬러 프라이머 포 아이즈
4.23,6.5g ," 16,000원",아이메이크업,27,건성,여,4.0,True,VDL/엑스퍼트 컬러 프라이머 포 아이즈
4.23,6.5g ," 16,000원",아이메이크업,55,건성,여,4.0,True,VDL/엑스퍼트 컬러 프라이머 포 아이즈
4.23,6.5g ," 16,000원",아이메이크업,29,건성,여,5.0,True,VDL/엑스퍼트 컬러 프라이머 포 아이즈
4.23,6.5g ," 16,000원",아이메이크업,27,건성,여,4.0,True,VDL/엑스퍼트 컬러 프라이머 포 아이즈
4.55,2.8g ," 26,000원",아이메이크업,27,복합성,여,5.0,True,이든 미네랄/아이 프라이머 나크로스
4.55,2.8g ," 26,000원",아이메이크업,29,복합성,여,5.0,True,이든 미네랄/아이 프라이머 나크로스
4.55,2.8g ," 26,000원",아이메이크업,27,건성,여,5.0,True,이든 미네랄/아이 프라이머 나크로스
4.55,2.8g ," 26,000원",아이메이크업,29,지성,여,5.0,True,이든 미네랄/아이 프라이머 나크로스
4.55,2.8g ," 26,000원",아이메이크업,28,복합성,여,5.0,True,이든 미네랄/아이 프라이머 나크로스
4.55,2.8g ," 26,000원",아이메이크업,29,복합성,여,5.0,True,이든 미네랄/아이 프라이머 나크로스
4.55,2.8g ," 26,000원",아이메이크업,29,민감성,여,4.0,True,이든 미네랄/아이 프라이머 나크로스
4.55,2.8g ," 26,000원",아이메이크업,28,중성,여,5.0,True,이든 미네랄/아이 프라이머 나크로스
4.55,2.8g ," 26,000원",아이메이크업,31,복합성,여,5.0,True,이든 미네랄/아이 프라이머 나크로스
4.55,2.8g ," 26,000원",아이메이크업,29,복합성,여,4.0,True,이든 미네랄/아이 프라이머 나크로스
4.55,2.8g ," 26,000원",아이메이크업,28,복합성,여,5.0,True,이든 미네랄/아이 프라이머 나크로스
4.55,2.8g ," 26,000원",아이메이크업,32,건성,여,5.0,True,이든 미네랄/아이 프라이머 나크로스
4.55,2.8g ," 26,000원",아이메이크업,31,지성,여,4.0,True,이든 미네랄/아이 프라이머 나크로스
4.55,2.8g ," 26,000원",아이메이크업,28,지성,여,5.0,True,이든 미네랄/아이 프라이머 나크로스
4.55,2.8g ," 26,000원",아이메이크업,30,건성,여,5.0,True,이든 미네랄/아이 프라이머 나크로스
4.55,2.8g ," 26,000원",아이메이크업,29,민감성,여,5.0,True,이든 미네랄/아이 프라이머 나크로스
3.8,6.5g ," 9,900원",아이메이크업,21,민감성,여,5.0,True,아임미미/아임 스머지 헌터
3.47,1p ," 5,000원",아이메이크업,28,중성,여,4.0,True,더샘/샘물 아이 프라이머
4.5,150ml ," 12,000원",클렌징,26,건성,여,5.0,True,토코보/코코넛 클레이 클렌징 폼
4.5,150ml ," 12,000원",클렌징,19,복합성,여,4.0,True,토코보/코코넛 클레이 클렌징 폼
4.5,150ml ," 12,000원",클렌징,37,복합성,여,5.0,True,토코보/코코넛 클레이 클렌징 폼
4.5,150ml ," 12,000원",클렌징,27,복합성,여,5.0,True,토코보/코코넛 클레이 클렌징 폼
4.5,150ml ," 12,000원",클렌징,33,건성,여,5.0,True,토코보/코코넛 클레이 클렌징 폼
4.5,150ml ," 12,000원",클렌징,36,민감성,여,5.0,True,토코보/코코넛 클레이 클렌징 폼
4.5,150ml ," 12,000원",클렌징,31,복합성,여,5.0,True,토코보/코코넛 클레이 클렌징 폼
4.5,150ml ," 12,000원",클렌징,34,복합성,여,5.0,True,토코보/코코넛 클레이 클렌징 폼
4.36,90g ," 50,000원",클렌징,40,복합성,여,4.0,True,인셀덤/엑티브 클린업 파우더
4.32,50g ," 24,000원",클렌징,30,복합성,여,4.0,True,라씨엘르/엔자임 오트 스크럽 파우더 워시
4.44,100ml ," 18,000원",클렌징,35,건성,여,5.0,True,바닐라코/클린 잇 제로 포어 클래리파잉 클렌징 밤
4.44,120ml ," 44,500원",클렌징,23,건성,여,5.0,True,숌/포어 화이트 클렌징밤
4.39,30ea ," 4,500원",클렌징,23,건성,여,5.0,True,아리얼/스트레스 릴리빙 퓨어풀 립앤아이 리무버 패드
4.39,30ea ," 4,500원",클렌징,36,복합성,여,4.0,True,아리얼/스트레스 릴리빙 퓨어풀 립앤아이 리무버 패드
4.39,200ml ," 24,000원",클렌징,18,복합성,여,5.0,True,아리얼/애플 사이다 딥 클렌징 오일
4.28,400ml ," 17,000원",클렌징,23,중성,여,4.0,True,니베아/프로페셔널 미셀라에어 클렌징 워터
4.31,200ml ," 24,000원",클렌징,42,건성,여,4.0,True,시오리스/클렌즈 미 소프틀리 밀크 클렌저
4.31,200ml ," 24,000원",클렌징,33,복합성,여,4.0,True,시오리스/클렌즈 미 소프틀리 밀크 클렌저
4.31,200ml ," 24,000원",클렌징,25,복합성,여,4.0,True,시오리스/클렌즈 미 소프틀리 밀크 클렌저
4.31,200ml ," 24,000원",클렌징,19,복합성,여,4.0,True,시오리스/클렌즈 미 소프틀리 밀크 클렌저
4.31,200ml ," 24,000원",클렌징,24,복합성,여,4.0,True,시오리스/클렌즈 미 소프틀리 밀크 클렌저
4.31,200ml ," 24,000원",클렌징,33,복합성,여,4.0,True,시오리스/클렌즈 미 소프틀리 밀크 클렌저
4.31,200ml ," 24,000원",클렌징,33,복합성,여,4.0,True,시오리스/클렌즈 미 소프틀리 밀크 클렌저
4.31,200ml ," 24,000원",클렌징,42,민감성,여,4.0,True,시오리스/클렌즈 미 소프틀리 밀크 클렌저
4.31,200ml ," 24,000원",클렌징,25,복합성,여,4.0,True,시오리스/클렌즈 미 소프틀리 밀크 클렌저
4.71,8.5g ," 12,000원",클렌징,30,민감성,여,5.0,True,클리오/킬래쉬 마스카라 리무버
4.71,8.5g ," 12,000원",클렌징,23,복합성,여,5.0,True,클리오/킬래쉬 마스카라 리무버
4.71,8.5g ," 12,000원",클렌징,32,복합성,여,5.0,True,클리오/킬래쉬 마스카라 리무버
4.49,13ml ," 8,000원",클렌징,34,건성,여,5.0,True,에뛰드/올 피니쉬 마스카라 클리너
4.61,100ml ," 6,500원",클렌징,39,복합성,여,5.0,True,바닐라코/립 앤 아이 리무버 클리어
4.61,100ml ," 6,500원",클렌징,28,복합성,여,5.0,True,바닐라코/립 앤 아이 리무버 클리어
4.46,145ml ," 12,000원",클렌징,22,복합성,여,5.0,True,비페스타/아이 메이크업 리무버
4.46,145ml ," 12,000원",클렌징,23,지성,여,5.0,True,비페스타/아이 메이크업 리무버
4.46,145ml ," 12,000원",클렌징,28,복합성,여,5.0,True,비페스타/아이 메이크업 리무버
4.51,6.6ml ," 13,000원",클렌징,21,지성,여,5.0,True,키스미/히로인 메이크 스피디 마스카라 리무버
4.51,6.6ml ," 13,000원",클렌징,25,복합성,여,5.0,True,키스미/히로인 메이크 스피디 마스카라 리무버
4.36,120ml ," 9,900원",클렌징,29,복합성,여,5.0,True,폰즈/클리어 훼이스 스파 립앤아이 메이크업 리무버
4.36,120ml ," 9,900원",클렌징,32,복합성,여,5.0,True,폰즈/클리어 훼이스 스파 립앤아이 메이크업 리무버
4.36,120ml ," 9,900원",클렌징,28,민감성,여,5.0,True,폰즈/클리어 훼이스 스파 립앤아이 메이크업 리무버
4.36,120ml ," 9,900원",클렌징,24,지성,여,5.0,True,폰즈/클리어 훼이스 스파 립앤아이 메이크업 리무버
4.36,120ml ," 9,900원",클렌징,20,복합성,여,5.0,True,폰즈/클리어 훼이스 스파 립앤아이 메이크업 리무버
4.36,120ml ," 9,900원",클렌징,29,민감성,여,4.0,True,폰즈/클리어 훼이스 스파 립앤아이 메이크업 리무버
4.36,120ml ," 9,900원",클렌징,30,복합성,여,5.0,True,폰즈/클리어 훼이스 스파 립앤아이 메이크업 리무버
4.34,100ml ," 3,500원",클렌징,32,건성,여,5.0,True,어퓨/미네랄 립앤아이 메이크업 리무버
4.34,100ml ," 3,500원",클렌징,30,지성,여,5.0,True,어퓨/미네랄 립앤아이 메이크업 리무버
4.34,100ml ," 3,500원",클렌징,28,복합성,여,4.0,True,어퓨/미네랄 립앤아이 메이크업 리무버
4.24,100ml ," 8,000원",클렌징,28,복합성,여,5.0,True,일리윤/프레쉬 모이스춰 립앤아이 리무버
4.24,100ml ," 8,000원",클렌징,32,민감성,여,5.0,True,일리윤/프레쉬 모이스춰 립앤아이 리무버
4.24,100ml ," 8,000원",클렌징,40,복합성,여,5.0,True,일리윤/프레쉬 모이스춰 립앤아이 리무버
4.24,100ml ," 8,000원",클렌징,22,지성,여,4.0,True,일리윤/프레쉬 모이스춰 립앤아이 리무버
4.24,100ml ," 8,000원",클렌징,32,복합성,여,4.0,True,일리윤/프레쉬 모이스춰 립앤아이 리무버
4.24,100ml ," 8,000원",클렌징,29,복합성,여,5.0,True,일리윤/프레쉬 모이스춰 립앤아이 리무버
4.05,155ml ," 4,000원",클렌징,27,지성,여,5.0,True,미샤/퍼펙트 립앤아이 메이크업 리무버
4.05,155ml ," 4,000원",클렌징,28,복합성,여,4.0,True,미샤/퍼펙트 립앤아이 메이크업 리무버
4.03,160ml ," 10,000원",클렌징,26,복합성,여,5.0,True,스킨푸드/밀크쉐이크 포인트 메이크업 리무버
4.03,160ml ," 10,000원",클렌징,34,복합성,여,5.0,True,스킨푸드/밀크쉐이크 포인트 메이크업 리무버
4.03,160ml ," 10,000원",클렌징,22,지성,여,5.0,True,스킨푸드/밀크쉐이크 포인트 메이크업 리무버
4.05,110ml ," 11,500원",클렌징,23,건성,여,5.0,True,케어존/닥터솔루션 저자극 립앤아이 리무버
3.95,80ml ," 5,000원",클렌징,27,건성,여,5.0,True,에뛰드/컬 픽스 마스카라 리무버
3.92,250ml ," 11,000원",클렌징,28,지성,여,4.0,True,아리따움/뽀오얀 미소 발효 립 & 아이 리무버
3.92,250ml ," 11,000원",클렌징,27,복합성,여,4.0,True,아리따움/뽀오얀 미소 발효 립 & 아이 리무버
4.51,120g ," 32,000원",클렌징,26,민감성,여,5.0,True,아임프롬/피그 스크럽 마스크
4.51,120g ," 32,000원",클렌징,46,건성,여,5.0,True,아임프롬/피그 스크럽 마스크
4.51,120g ," 32,000원",클렌징,30,복합성,여,5.0,True,아임프롬/피그 스크럽 마스크
4.33,70ea ," 25,000원",클렌징,22,건성,여,5.0,True,파파레서피/가지 클리어링 필링 패드 토너
4.3,120ml ," 4,800원",클렌징,26,민감성,여,5.0,True,시드물/녹차 필링젤
4.3,120ml ," 4,800원",클렌징,28,복합성,여,5.0,True,시드물/녹차 필링젤
4.3,120ml ," 4,800원",클렌징,27,복합성,여,4.0,True,시드물/녹차 필링젤
4.3,120ml ," 4,800원",클렌징,28,복합성,여,5.0,True,시드물/녹차 필링젤
4.3,120ml ," 4,800원",클렌징,27,복합성,여,5.0,True,시드물/녹차 필링젤
4.28,150ml ," 30,000원",클렌징,30,민감성,여,5.0,True,프리메라/페이셜 마일드 필링
4.28,150ml ," 30,000원",클렌징,32,중성,여,5.0,True,프리메라/페이셜 마일드 필링
4.28,150ml ," 30,000원",클렌징,27,복합성,여,5.0,True,프리메라/페이셜 마일드 필링
4.28,150ml ," 30,000원",클렌징,26,복합성,여,5.0,True,프리메라/페이셜 마일드 필링
4.28,150ml ," 30,000원",클렌징,20,민감성,여,5.0,True,프리메라/페이셜 마일드 필링
4.28,150ml ," 30,000원",클렌징,31,민감성,여,4.0,True,프리메라/페이셜 마일드 필링
4.29,60ea ," 24,000원",클렌징,22,지성,여,4.0,True,셀퓨전씨/트리악 모공 톡스 패드
4.26,70ea ," 28,000원",클렌징,32,복합성,여,4.0,True,아누아/어성초 77 클리어 패드
4.26,70ea ," 28,000원",클렌징,23,지성,여,4.0,True,아누아/어성초 77 클리어 패드
4.21,70ea ," 22,000원",클렌징,32,건성,여,5.0,True,닥터지/브라이트닝 비타 필링 패드
4.5,210g ," 19,000원",클렌징,37,복합성,여,5.0,True,스킨푸드/블랙슈가 퍼펙트 에센셜 스크럽 2X
4.5,210g ," 19,000원",클렌징,31,민감성,여,5.0,True,스킨푸드/블랙슈가 퍼펙트 에센셜 스크럽 2X
4.5,210g ," 19,000원",클렌징,20,민감성,여,5.0,True,스킨푸드/블랙슈가 퍼펙트 에센셜 스크럽 2X
4.5,210g ," 19,000원",클렌징,27,건성,여,4.0,True,스킨푸드/블랙슈가 퍼펙트 에센셜 스크럽 2X
4.5,210g ," 19,000원",클렌징,28,지성,여,5.0,True,스킨푸드/블랙슈가 퍼펙트 에센셜 스크럽 2X
4.5,210g ," 19,000원",클렌징,21,복합성,여,5.0,True,스킨푸드/블랙슈가 퍼펙트 에센셜 스크럽 2X
4.02,120g ," 19,000원",클렌징,26,민감성,여,5.0,True,닥터지/브라이트닝 필링젤
4.02,120g ," 19,000원",클렌징,25,민감성,여,4.0,True,닥터지/브라이트닝 필링젤
4.02,120g ," 19,000원",클렌징,25,복합성,여,4.0,True,닥터지/브라이트닝 필링젤
4.02,120g ," 19,000원",클렌징,27,지성,여,5.0,True,닥터지/브라이트닝 필링젤
4.02,120g ," 19,000원",클렌징,21,건성,여,5.0,True,닥터지/브라이트닝 필링젤
4.51,1ea ," 2,000원",클렌징,27,건성,여,5.0,True,시드물/거품망 버블메이커
4.51,1ea ," 2,000원",클렌징,28,복합성,여,4.0,True,시드물/거품망 버블메이커
4.51,1ea ," 2,000원",클렌징,30,건성,여,5.0,True,시드물/거품망 버블메이커
4.51,1ea ," 2,000원",클렌징,29,민감성,여,4.0,True,시드물/거품망 버블메이커
4.51,1ea ," 2,000원",클렌징,23,복합성,여,4.0,True,시드물/거품망 버블메이커
4.51,1ea ," 2,000원",클렌징,30,건성,여,5.0,True,시드물/거품망 버블메이커
4.27,1ea ," 4,000원",클렌징,25,지성,여,4.0,True,에뛰드/마이뷰티툴 버블 메이커
4.27,1ea ," 4,000원",클렌징,24,민감성,여,4.0,True,에뛰드/마이뷰티툴 버블 메이커
4.27,1ea ," 4,000원",클렌징,31,지성,여,4.0,True,에뛰드/마이뷰티툴 버블 메이커
4.27,1ea ," 4,000원",클렌징,20,중성,여,4.0,True,에뛰드/마이뷰티툴 버블 메이커
4.27,1ea ," 4,000원",클렌징,27,복합성,여,5.0,True,에뛰드/마이뷰티툴 버블 메이커
4.27,1ea ," 4,000원",클렌징,22,복합성,여,5.0,True,에뛰드/마이뷰티툴 버블 메이커
4.27,1ea ," 4,000원",클렌징,28,복합성,여,5.0,True,에뛰드/마이뷰티툴 버블 메이커
4.27,1ea ," 4,000원",클렌징,23,복합성,여,4.0,True,에뛰드/마이뷰티툴 버블 메이커
4.27,1ea ," 4,000원",클렌징,37,민감성,여,4.0,True,에뛰드/마이뷰티툴 버블 메이커
4.27,1ea ," 4,000원",클렌징,16,지성,여,5.0,True,에뛰드/마이뷰티툴 버블 메이커
4.27,1ea ," 4,000원",클렌징,23,복합성,여,5.0,True,에뛰드/마이뷰티툴 버블 메이커
4.21,1ea ," 2,000원",클렌징,23,복합성,여,5.0,True,이니스프리/뷰티툴 크리미 버블 메이커
4.21,1ea ," 2,000원",클렌징,23,복합성,여,5.0,True,이니스프리/뷰티툴 크리미 버블 메이커
4.23,1ea ," 1,000원",클렌징,18,건성,여,5.0,True,다이소/오가닉팜 버블메이커 샤워볼
4.23,1ea ," 1,000원",클렌징,23,중성,여,4.0,True,다이소/오가닉팜 버블메이커 샤워볼
4.23,1ea ," 1,000원",클렌징,23,복합성,여,4.0,True,다이소/오가닉팜 버블메이커 샤워볼
4.02,1ea ," 11,000원",클렌징,17,민감성,여,5.0,True,페이스헤일로/메이크업 클렌저
4.01,1ea ," 2,000원",클렌징,23,복합성,여,5.0,True,아리따움/버블 거품망
4.01,1ea ," 2,000원",클렌징,23,복합성,여,4.0,True,아리따움/버블 거품망
4.01,1ea ," 2,000원",클렌징,24,복합성,여,5.0,True,아리따움/버블 거품망
4.01,1ea ," 2,000원",클렌징,34,지성,여,5.0,True,아리따움/버블 거품망
4.52,1ea ," 3,900원",클렌징,29,복합성,여,4.0,True,필리밀리/실리콘 클렌징 패드
4.54,1ea ," 1,500원",클렌징,25,복합성,여,5.0,True,시드물/핑크 해면
4.54,1ea ," 1,500원",클렌징,33,민감성,여,5.0,True,시드물/핑크 해면
4.54,1ea ," 1,500원",클렌징,26,복합성,여,5.0,True,시드물/핑크 해면
4.54,1ea ," 1,500원",클렌징,25,건성,여,5.0,True,시드물/핑크 해면
3.57,1ea ," 14,900원",클렌징,19,민감성,여,4.0,True,필리밀리/듀얼 모공 브러시
3.57,1ea ," 14,900원",클렌징,23,민감성,여,4.0,True,필리밀리/듀얼 모공 브러시
3.49,1ea ," 5,000원",클렌징,24,복합성,여,5.0,True,다이소/모공 세안 브러시
4.38,1ea ," 2,000원",클렌징,19,민감성,여,4.0,True,다이소/미니손잡이 실리콘 세안스펀지
4.6,28ml ," 3,000원",마스크/팩,30,건성,여,5.0,True,메이크프렘/컴포트 미 모스 카밍 마스크
4.6,28ml ," 3,000원",마스크/팩,27,복합성,여,5.0,True,메이크프렘/컴포트 미 모스 카밍 마스크
4.6,28ml ," 3,000원",마스크/팩,27,복합성,여,4.0,True,메이크프렘/컴포트 미 모스 카밍 마스크
4.6,28ml ," 3,000원",마스크/팩,26,복합성,여,4.0,True,메이크프렘/컴포트 미 모스 카밍 마스크
4.6,28ml ," 3,000원",마스크/팩,33,복합성,여,5.0,True,메이크프렘/컴포트 미 모스 카밍 마스크
4.6,28ml ," 3,000원",마스크/팩,24,지성,여,4.0,True,메이크프렘/컴포트 미 모스 카밍 마스크
4.6,28ml ," 3,000원",마스크/팩,27,지성,여,5.0,True,메이크프렘/컴포트 미 모스 카밍 마스크
4.6,28ml ," 3,000원",마스크/팩,27,지성,여,5.0,True,메이크프렘/컴포트 미 모스 카밍 마스크
4.6,28ml ," 3,000원",마스크/팩,33,복합성,여,5.0,True,메이크프렘/컴포트 미 모스 카밍 마스크
4.6,28ml ," 3,000원",마스크/팩,26,중성,여,4.0,True,메이크프렘/컴포트 미 모스 카밍 마스크
4.6,28ml ," 3,000원",마스크/팩,22,중성,여,4.0,True,메이크프렘/컴포트 미 모스 카밍 마스크
4.6,28ml ," 3,000원",마스크/팩,38,복합성,여,5.0,True,메이크프렘/컴포트 미 모스 카밍 마스크
4.6,28ml ," 3,000원",마스크/팩,29,민감성,여,5.0,True,메이크프렘/컴포트 미 모스 카밍 마스크
4.6,28ml ," 3,000원",마스크/팩,28,지성,여,5.0,True,메이크프렘/컴포트 미 모스 카밍 마스크
4.6,28ml ," 3,000원",마스크/팩,26,건성,여,5.0,True,메이크프렘/컴포트 미 모스 카밍 마스크
4.6,28ml ," 3,000원",마스크/팩,28,복합성,여,4.0,True,메이크프렘/컴포트 미 모스 카밍 마스크
4.6,28ml ," 3,000원",마스크/팩,34,건성,여,5.0,True,메이크프렘/컴포트 미 모스 카밍 마스크
4.6,28ml ," 3,000원",마스크/팩,26,복합성,여,5.0,True,메이크프렘/컴포트 미 모스 카밍 마스크
4.49,28g ," 4,000원",마스크/팩,24,복합성,여,5.0,True,더마토리/프로 시카 징크덤 밴드 마스크
4.49,28g ," 4,000원",마스크/팩,21,복합성,여,5.0,True,더마토리/프로 시카 징크덤 밴드 마스크
4.48,24ml ," 2,000원",마스크/팩,27,중성,여,5.0,True,메디힐/티트리 에센셜 마스크
4.38,27g ," 3,000원",마스크/팩,29,건성,여,5.0,True,셀퓨전씨/퍼스트 쿨링 마스크
4.57,820g ," 35,000원",마스크/팩,29,복합성,여,5.0,True,린제이/프리미엄 쿨 티트리 모델링 마스크
4.57,820g ," 35,000원",마스크/팩,32,복합성,여,5.0,True,린제이/프리미엄 쿨 티트리 모델링 마스크
4.57,820g ," 35,000원",마스크/팩,27,복합성,여,5.0,True,린제이/프리미엄 쿨 티트리 모델링 마스크
4.43,820g ," 35,000원",마스크/팩,39,복합성,여,5.0,True,린제이/프리미엄 콜라겐 모델링 마스크팩
4.31,70ml ," 32,000원",마스크/팩,24,복합성,여,5.0,True,라네즈/워터 슬리핑 마스크 EX
4.31,70ml ," 32,000원",마스크/팩,22,지성,여,5.0,True,라네즈/워터 슬리핑 마스크 EX
4.31,70ml ," 32,000원",마스크/팩,26,민감성,여,5.0,True,라네즈/워터 슬리핑 마스크 EX
4.17,125g ," 20,000원",마스크/팩,22,건성,여,5.0,True,러쉬/마스크 오브 매그너민티
4.17,125g ," 20,000원",마스크/팩,29,복합성,여,5.0,True,러쉬/마스크 오브 매그너민티
4.17,125g ," 20,000원",마스크/팩,25,민감성,여,4.0,True,러쉬/마스크 오브 매그너민티
4.18,100g ," 10,000원",마스크/팩,34,복합성,여,5.0,True,스킨푸드/블랙슈가 마스크 워시 오프
4.18,100g ," 10,000원",마스크/팩,29,복합성,여,5.0,True,스킨푸드/블랙슈가 마스크 워시 오프
4.18,100g ," 10,000원",마스크/팩,16,건성,여,5.0,True,스킨푸드/블랙슈가 마스크 워시 오프
4.18,100g ," 10,000원",마스크/팩,36,지성,여,5.0,True,스킨푸드/블랙슈가 마스크 워시 오프
4.11,150ml ," 48,000원",마스크/팩,22,건성,여,5.0,True,설화수/옥용팩
4.11,150ml ," 48,000원",마스크/팩,27,건성,여,4.0,True,설화수/옥용팩
4.61,80ea ," 25,000원",마스크/팩,20,복합성,여,5.0,True,라운드랩/자작나무 수분 패드
4.43,27ea ," 4,000원",마스크/팩,25,복합성,여,5.0,True,올리브영/케어플러스 상처커버 스팟패치
4.43,27ea ," 4,000원",마스크/팩,29,복합성,여,5.0,True,올리브영/케어플러스 상처커버 스팟패치
4.43,27ea ," 4,000원",마스크/팩,21,복합성,여,5.0,True,올리브영/케어플러스 상처커버 스팟패치
4.43,27ea ," 4,000원",마스크/팩,32,민감성,여,4.0,True,올리브영/케어플러스 상처커버 스팟패치
4.4,42ea ," 7,000원",마스크/팩,20,지성,여,5.0,True,이지덤뷰티/이지덤 뷰티
4.4,42ea ," 7,000원",마스크/팩,29,복합성,여,5.0,True,이지덤뷰티/이지덤 뷰티
4.4,50ea ," 28,000원",마스크/팩,30,복합성,여,5.0,True,미샤/개똥쑥 진정 스팟 팩
4.35,70ea ," 25,000원",마스크/팩,34,지성,여,5.0,True,닥터지/레드 블레미쉬 클리어 퀵 수딩 팩
4.35,70ea ," 25,000원",마스크/팩,29,복합성,여,5.0,True,닥터지/레드 블레미쉬 클리어 퀵 수딩 팩
4.25,42ea*2 ," 6,500원",마스크/팩,43,건성,여,5.0,True,올리브영/케어플러스 상처커버 스팟패치 허니
4.03,80ea ," 6,000원",마스크/팩,26,건성,여,4.0,True,해서린/스팟케어 패치 키트
4.06,2ea ," 4,000원",마스크/팩,43,건성,여,5.0,True,올리브영/케어플러스 잘라쓰는 사각패치
3.88,24ea ," 3,600원",마스크/팩,29,복합성,여,4.0,True,시드물/닥터트럽 블래미쉬 트러블 클리어 패치
4.46,60ea ," 23,800원",마스크/팩,34,지성,여,4.0,True,아이소이/아크니 닥터 1st 스피디 스팟 패드 (응급스팟패드)
4.46,60ea ," 23,800원",마스크/팩,32,지성,여,4.0,True,아이소이/아크니 닥터 1st 스피디 스팟 패드 (응급스팟패드)
4.25,1ea ," 10,000원",마스크/팩,27,복합성,여,5.0,True,아리따움/아이스 카밍 쿨러
4.25,1ea ," 10,000원",마스크/팩,30,민감성,여,4.0,True,아리따움/아이스 카밍 쿨러
4.25,1ea ," 10,000원",마스크/팩,38,건성,여,5.0,True,아리따움/아이스 카밍 쿨러
4.25,1ea ," 10,000원",마스크/팩,23,복합성,여,5.0,True,아리따움/아이스 카밍 쿨러
4.2,1ea ," 1,000원",마스크/팩,23,복합성,여,5.0,True,다이소/팩브러시 (44535)
4.2,1ea ," 1,000원",마스크/팩,30,복합성,여,5.0,True,다이소/팩브러시 (44535)
4.5,1ea ," 1,000원",마스크/팩,23,복합성,여,5.0,True,이니스프리/뷰티툴 말랑한 팩 스패튤라
4.78,1ea ," 25,000원",마스크/팩,49,복합성,여,5.0,True,바이오힐 보/프로바이오덤 리프팅 마사저
4.78,1ea ," 25,000원",마스크/팩,25,복합성,여,5.0,True,바이오힐 보/프로바이오덤 리프팅 마사저
4.78,1ea ," 25,000원",마스크/팩,29,건성,여,5.0,True,바이오힐 보/프로바이오덤 리프팅 마사저
4.78,1ea ," 25,000원",마스크/팩,25,지성,여,5.0,True,바이오힐 보/프로바이오덤 리프팅 마사저
4.78,1ea ," 25,000원",마스크/팩,26,복합성,여,5.0,True,바이오힐 보/프로바이오덤 리프팅 마사저
4.78,1ea ," 25,000원",마스크/팩,24,건성,여,4.0,True,바이오힐 보/프로바이오덤 리프팅 마사저
4.78,1ea ," 25,000원",마스크/팩,26,복합성,여,4.0,True,바이오힐 보/프로바이오덤 리프팅 마사저
4.78,1ea ," 25,000원",마스크/팩,29,복합성,여,5.0,True,바이오힐 보/프로바이오덤 리프팅 마사저
4.78,1ea ," 25,000원",마스크/팩,32,복합성,여,5.0,True,바이오힐 보/프로바이오덤 리프팅 마사저
4.78,1ea ," 25,000원",마스크/팩,22,지성,여,5.0,True,바이오힐 보/프로바이오덤 리프팅 마사저
4.78,1ea ," 25,000원",마스크/팩,25,복합성,여,5.0,True,바이오힐 보/프로바이오덤 리프팅 마사저
4.78,1ea ," 25,000원",마스크/팩,26,민감성,여,5.0,True,바이오힐 보/프로바이오덤 리프팅 마사저
4.78,1ea ," 25,000원",마스크/팩,23,건성,여,5.0,True,바이오힐 보/프로바이오덤 리프팅 마사저
4.78,1ea ," 25,000원",마스크/팩,31,건성,여,5.0,True,바이오힐 보/프로바이오덤 리프팅 마사저
4.78,1ea ," 25,000원",마스크/팩,25,복합성,여,5.0,True,바이오힐 보/프로바이오덤 리프팅 마사저
4.38,1ea ," 99,000원",마스크/팩,15,지성,여,4.0,True,놋담/방짜유기 유기 하트 괄사 마사지기
4.5,1ea ," 30,000원",마스크/팩,28,복합성,여,4.0,True,에뛰드/더 잠 테라피 마사저
5.0,1ea ," 19,800원",마스크/팩,25,복합성,여,5.0,True,키위스/아이시화이트
4.5,1ea ," 8,000원",마스크/팩,24,지성,여,5.0,True,필리밀리/듀얼 실리콘 팩 브러시
4.0,1ea ," 45,000원",마스크/팩,32,복합성,여,4.0,True,로제드 자르딘/보석 페이스 롤러
4.75,1ea ," 12,000원",마스크/팩,29,건성,여,5.0,True,필리밀리/페이스 & 바디 괄사
4.75,1ea ," 12,000원",마스크/팩,27,지성,여,5.0,True,필리밀리/페이스 & 바디 괄사
4.75,1ea ," 12,000원",마스크/팩,31,건성,여,5.0,True,필리밀리/페이스 & 바디 괄사
4.56,1ea ," 59,000원",마스크/팩,24,복합성,여,5.0,True,플로나/괄사
4.56,1ea ," 59,000원",마스크/팩,27,지성,여,5.0,True,플로나/괄사
4.56,1ea ," 59,000원",마스크/팩,31,지성,여,4.0,True,플로나/괄사
4.56,1ea ," 59,000원",마스크/팩,27,지성,여,4.0,True,플로나/괄사
4.5,50ml ," 25,000원",선케어,25,민감성,여,5.0,True,라운드랩/자작나무 수분 선크림 [SPF50+/PA++++]
4.5,50ml ," 25,000원",선케어,28,지성,여,4.0,True,라운드랩/자작나무 수분 선크림 [SPF50+/PA++++]
4.5,50ml ," 25,000원",선케어,28,복합성,여,5.0,True,라운드랩/자작나무 수분 선크림 [SPF50+/PA++++]
4.5,50ml ," 25,000원",선케어,24,건성,여,5.0,True,라운드랩/자작나무 수분 선크림 [SPF50+/PA++++]
4.5,50ml ," 25,000원",선케어,25,복합성,여,4.0,True,라운드랩/자작나무 수분 선크림 [SPF50+/PA++++]
4.5,50ml ," 25,000원",선케어,25,건성,여,5.0,True,라운드랩/자작나무 수분 선크림 [SPF50+/PA++++]
4.52,50ml ," 32,000원",선케어,42,복합성,여,5.0,True,달바/워터풀 톤업 선크림 [SPF50+/PA++++]
4.39,40ml ," 26,000원",선케어,35,민감성,여,4.0,True,씨케이디/그린프로폴리스 올마일드선 [SPF50+/PA++++]
4.39,40ml ," 26,000원",선케어,49,복합성,여,4.0,True,씨케이디/그린프로폴리스 올마일드선 [SPF50+/PA++++]
4.37,50ml ," 40,000원",선케어,22,민감성,여,5.0,True,헤라/UV프로텍터 톤업 [SPF50+/PA++++]
4.27,50ml ," 48,900원",선케어,26,지성,여,4.0,True,오아이브/톤업 선크림 [SPF50+/PA++++]
4.27,50ml ," 48,900원",선케어,29,건성,여,4.0,True,오아이브/톤업 선크림 [SPF50+/PA++++]
4.27,50ml ," 48,900원",선케어,29,복합성,여,5.0,True,오아이브/톤업 선크림 [SPF50+/PA++++]
4.27,50ml ," 48,900원",선케어,30,복합성,여,5.0,True,오아이브/톤업 선크림 [SPF50+/PA++++]
4.27,50ml ," 48,900원",선케어,30,복합성,여,4.0,True,오아이브/톤업 선크림 [SPF50+/PA++++]
4.27,50ml ," 48,900원",선케어,27,건성,여,4.0,True,오아이브/톤업 선크림 [SPF50+/PA++++]
4.27,50ml ," 48,900원",선케어,27,지성,여,5.0,True,오아이브/톤업 선크림 [SPF50+/PA++++]
4.27,50ml ," 48,900원",선케어,35,건성,남,5.0,True,오아이브/톤업 선크림 [SPF50+/PA++++]
4.27,50ml ," 48,900원",선케어,27,민감성,여,5.0,True,오아이브/톤업 선크림 [SPF50+/PA++++]
4.27,50ml ," 48,900원",선케어,26,복합성,여,5.0,True,오아이브/톤업 선크림 [SPF50+/PA++++]
4.27,50ml ," 48,900원",선케어,30,지성,여,5.0,True,오아이브/톤업 선크림 [SPF50+/PA++++]
4.27,50ml ," 48,900원",선케어,33,건성,여,5.0,True,오아이브/톤업 선크림 [SPF50+/PA++++]
4.27,50ml ," 48,900원",선케어,29,복합성,여,4.0,True,오아이브/톤업 선크림 [SPF50+/PA++++]
4.27,50ml ," 48,900원",선케어,25,복합성,여,4.0,True,오아이브/톤업 선크림 [SPF50+/PA++++]
4.29,25g ," 45,000원",선케어,23,건성,여,5.0,True,엘로엘/팡팡 빅 선쿠션 유브이 쉴드 [SPF50+/PA++++]
4.29,25g ," 45,000원",선케어,35,지성,여,5.0,True,엘로엘/팡팡 빅 선쿠션 유브이 쉴드 [SPF50+/PA++++]
4.29,25g ," 45,000원",선케어,26,복합성,여,4.0,True,엘로엘/팡팡 빅 선쿠션 유브이 쉴드 [SPF50+/PA++++]
4.29,25g ," 45,000원",선케어,22,민감성,여,5.0,True,엘로엘/팡팡 빅 선쿠션 유브이 쉴드 [SPF50+/PA++++]
4.29,25g ," 45,000원",선케어,32,복합성,여,4.0,True,엘로엘/팡팡 빅 선쿠션 유브이 쉴드 [SPF50+/PA++++]
4.29,25g ," 45,000원",선케어,26,건성,여,5.0,True,엘로엘/팡팡 빅 선쿠션 유브이 쉴드 [SPF50+/PA++++]
4.26,15g ," 17,800원",선케어,29,건성,여,5.0,True,식물나라/산소수 생기 톤업 선 쿠션 [SPF50+/PA++++]
4.26,15g ," 17,800원",선케어,16,복합성,여,5.0,True,식물나라/산소수 생기 톤업 선 쿠션 [SPF50+/PA++++]
4.26,15g ," 17,800원",선케어,31,지성,여,4.0,True,식물나라/산소수 생기 톤업 선 쿠션 [SPF50+/PA++++]
4.26,15g ," 17,800원",선케어,29,건성,여,5.0,True,식물나라/산소수 생기 톤업 선 쿠션 [SPF50+/PA++++]
4.26,15g ," 17,800원",선케어,28,복합성,여,4.0,True,식물나라/산소수 생기 톤업 선 쿠션 [SPF50+/PA++++]
4.26,15g ," 17,800원",선케어,28,건성,여,5.0,True,식물나라/산소수 생기 톤업 선 쿠션 [SPF50+/PA++++]
4.26,15g ," 17,800원",선케어,23,민감성,여,4.0,True,식물나라/산소수 생기 톤업 선 쿠션 [SPF50+/PA++++]
4.26,15g ," 17,800원",선케어,24,건성,여,4.0,True,식물나라/산소수 생기 톤업 선 쿠션 [SPF50+/PA++++]
4.26,15g ," 17,800원",선케어,25,건성,여,5.0,True,식물나라/산소수 생기 톤업 선 쿠션 [SPF50+/PA++++]
4.26,15g ," 17,800원",선케어,26,민감성,여,5.0,True,식물나라/산소수 생기 톤업 선 쿠션 [SPF50+/PA++++]
4.26,15g ," 17,800원",선케어,23,복합성,여,5.0,True,식물나라/산소수 생기 톤업 선 쿠션 [SPF50+/PA++++]
4.26,15g ," 17,800원",선케어,27,복합성,여,4.0,True,식물나라/산소수 생기 톤업 선 쿠션 [SPF50+/PA++++]
4.26,15g ," 17,800원",선케어,31,복합성,여,4.0,True,식물나라/산소수 생기 톤업 선 쿠션 [SPF50+/PA++++]
4.26,15g ," 17,800원",선케어,27,복합성,여,5.0,True,식물나라/산소수 생기 톤업 선 쿠션 [SPF50+/PA++++]
4.28,14g ," 21,800원",선케어,28,복합성,여,4.0,True,미샤/세이프 블록RX 커버 톤업 선 쿠션 [SPF50+/PA++++]
4.28,14g ," 21,800원",선케어,25,복합성,여,5.0,True,미샤/세이프 블록RX 커버 톤업 선 쿠션 [SPF50+/PA++++]
3.75,15g ," 18,000원",선케어,28,건성,여,4.0,True,브링그린/티트리 톤업 선쿠션 [SFP50+PA++++]
3.87,12.5g*2 ," 38,000원",선케어,33,복합성,여,4.0,True,에이지투웨니스/롱 프로텍션 에센스 선팩트 [SPF50+/PA++++]
3.87,12.5g*2 ," 38,000원",선케어,34,건성,여,4.0,True,에이지투웨니스/롱 프로텍션 에센스 선팩트 [SPF50+/PA++++]
4.24,25g ," 29,000원",선케어,17,민감성,여,4.0,True,AHC/세이프 온 수딩 선쿠션 [SPF50+/PA++++]
4.33,25g ," 50,000원",선케어,27,복합성,여,5.0,True,김정문알로에/큐어 쿨링 선쿠션 시즌2 [SPF50+/PA++++]
3.89,14g ," 23,000원",선케어,22,복합성,여,5.0,True,이니스프리/노세범 선쿠션 [SPF50+/PA++++]
4.27,22g ," 31,000원",선케어,36,건성,여,4.0,True,AHC/내추럴 퍼펙션 더블 쉴드 선스틱 [SPF50+/PA++++]
4.29,17g ," 23,000원",선케어,39,지성,여,5.0,True,한율/흰감국 보송 선스틱 [SPF50+/PA++++]
4.29,17g ," 23,000원",선케어,29,복합성,여,5.0,True,한율/흰감국 보송 선스틱 [SPF50+/PA++++]
4.25,24g ," 25,000원",선케어,42,건성,여,4.0,True,네이처리퍼블릭/캘리포니아 알로에 보송 선스틱 [SPF50+/PA++++]
4.25,24g ," 25,000원",선케어,23,민감성,여,4.0,True,네이처리퍼블릭/캘리포니아 알로에 보송 선스틱 [SPF50+/PA++++]
4.89,14g ," 21,000원",선케어,30,복합성,여,5.0,True,AHC/마스터즈 에어 리치 선스틱 [SPF50+/PA++++]
4.89,14g ," 21,000원",선케어,27,지성,여,5.0,True,AHC/마스터즈 에어 리치 선스틱 [SPF50+/PA++++]
4.89,14g ," 21,000원",선케어,43,민감성,여,5.0,True,AHC/마스터즈 에어 리치 선스틱 [SPF50+/PA++++]
4.12,9g ," 39,000원",선케어,23,복합성,여,4.0,True,가히/아쿠아밤 [SPF50+/PA++++]
4.12,9g ," 39,000원",선케어,47,복합성,여,4.0,True,가히/아쿠아밤 [SPF50+/PA++++]
4.12,9g ," 39,000원",선케어,34,민감성,여,5.0,True,가히/아쿠아밤 [SPF50+/PA++++]
4.12,9g ," 39,000원",선케어,27,건성,여,4.0,True,가히/아쿠아밤 [SPF50+/PA++++]
4.39,18g ," 19,000원",선케어,33,복합성,여,5.0,True,이니스프리/인텐시브 레져 선스틱 [SPF50+/PA++++]
4.44,60ml ," 13,800원",선케어,32,복합성,여,5.0,True,식물나라/산소수 가벼운 수분 선 젤 [SPF50+/PA++++]
4.44,60ml ," 13,800원",선케어,27,민감성,여,5.0,True,식물나라/산소수 가벼운 수분 선 젤 [SPF50+/PA++++]
4.44,60ml ," 13,800원",선케어,27,지성,여,5.0,True,식물나라/산소수 가벼운 수분 선 젤 [SPF50+/PA++++]
4.44,60ml ," 13,800원",선케어,26,민감성,여,4.0,True,식물나라/산소수 가벼운 수분 선 젤 [SPF50+/PA++++]
4.44,60ml ," 13,800원",선케어,28,복합성,여,5.0,True,식물나라/산소수 가벼운 수분 선 젤 [SPF50+/PA++++]
4.44,60ml ," 13,800원",선케어,28,복합성,여,5.0,True,식물나라/산소수 가벼운 수분 선 젤 [SPF50+/PA++++]
4.44,60ml ," 13,800원",선케어,23,복합성,여,4.0,True,식물나라/산소수 가벼운 수분 선 젤 [SPF50+/PA++++]
4.44,60ml ," 13,800원",선케어,19,민감성,여,5.0,True,식물나라/산소수 가벼운 수분 선 젤 [SPF50+/PA++++]
4.44,60ml ," 13,800원",선케어,29,복합성,여,4.0,True,식물나라/산소수 가벼운 수분 선 젤 [SPF50+/PA++++]
4.44,60ml ," 13,800원",선케어,33,복합성,여,5.0,True,식물나라/산소수 가벼운 수분 선 젤 [SPF50+/PA++++]
4.44,60ml ," 13,800원",선케어,34,복합성,여,4.0,True,식물나라/산소수 가벼운 수분 선 젤 [SPF50+/PA++++]
4.44,60ml ," 13,800원",선케어,26,건성,여,5.0,True,식물나라/산소수 가벼운 수분 선 젤 [SPF50+/PA++++]
4.44,60ml ," 13,800원",선케어,27,복합성,여,4.0,True,식물나라/산소수 가벼운 수분 선 젤 [SPF50+/PA++++]
4.44,60ml ," 13,800원",선케어,29,중성,여,5.0,True,식물나라/산소수 가벼운 수분 선 젤 [SPF50+/PA++++]
4.44,60ml ," 13,800원",선케어,25,복합성,여,4.0,True,식물나라/산소수 가벼운 수분 선 젤 [SPF50+/PA++++]
4.44,60ml ," 13,800원",선케어,31,복합성,여,4.0,True,식물나라/산소수 가벼운 수분 선 젤 [SPF50+/PA++++]
4.44,60ml ," 13,800원",선케어,24,복합성,여,4.0,True,식물나라/산소수 가벼운 수분 선 젤 [SPF50+/PA++++]
4.44,60ml ," 13,800원",선케어,29,복합성,여,5.0,True,식물나라/산소수 가벼운 수분 선 젤 [SPF50+/PA++++]
4.26,50ml ," 11,800원",선케어,34,복합성,여,5.0,True,미샤/올 어라운드 세이프 블록 아쿠아 선 젤 [SPF50+/PA++++]
4.26,50ml ," 11,800원",선케어,34,복합성,여,4.0,True,미샤/올 어라운드 세이프 블록 아쿠아 선 젤 [SPF50+/PA++++]
4.19,90ml , 가격미정,선케어,27,건성,여,5.0,True,비오레/UV 아쿠아 리치 워터리 젤 [SPF50+/PA++++]
4.19,90ml , 가격미정,선케어,30,건성,여,4.0,True,비오레/UV 아쿠아 리치 워터리 젤 [SPF50+/PA++++]
4.24,50ml ," 25,000원",선케어,22,민감성,여,4.0,True,라곰/셀러스 선 젤 [SPF50+/PA+++]
4.24,50ml ," 25,000원",선케어,29,복합성,여,5.0,True,라곰/셀러스 선 젤 [SPF50+/PA+++]
4.24,50ml ," 25,000원",선케어,33,복합성,여,4.0,True,라곰/셀러스 선 젤 [SPF50+/PA+++]
4.05,50ml ," 20,000원",선케어,27,지성,여,4.0,True,SNP/UV 퍼펙트 에어쿨 선 젤 [SPF50+/PA++++]
4.05,50ml ," 20,000원",선케어,32,건성,여,5.0,True,SNP/UV 퍼펙트 에어쿨 선 젤 [SPF50+/PA++++]
3.99,30ml ," 60,000원",선케어,28,중성,여,4.0,True,에스티 로더/퍼펙셔니스트 프로 멀티 디펜스 아쿠아 유브이 젤 [SPF50/PA++++]
4.06,90g ," 28,000원",선케어,44,건성,여,4.0,True,아넷사/퍼펙트 UV 선스크린 스킨케어 젤 A [SPF50+/PA++++]
4.06,90g ," 28,000원",선케어,26,복합성,여,5.0,True,아넷사/퍼펙트 UV 선스크린 스킨케어 젤 A [SPF50+/PA++++]
4.06,90g ," 28,000원",선케어,25,지성,여,5.0,True,아넷사/퍼펙트 UV 선스크린 스킨케어 젤 A [SPF50+/PA++++]
4.06,90g ," 28,000원",선케어,23,복합성,여,5.0,True,아넷사/퍼펙트 UV 선스크린 스킨케어 젤 A [SPF50+/PA++++]
4.36,30ml ," 35,000원",선케어,25,지성,남,5.0,True,키엘/울트라 라이트 데일리 유브이 디펜스 아쿠아 젤 [SPF50+/PA++++]
4.36,30ml ," 35,000원",선케어,29,민감성,여,5.0,True,키엘/울트라 라이트 데일리 유브이 디펜스 아쿠아 젤 [SPF50+/PA++++]
3.82,50ml ," 20,000원",선케어,30,지성,여,5.0,True,클라뷰/UV 프로텍션 프레쉬 선젤 [SPF50+/PA++++]
4.39,90g ," 28,000원",선케어,26,중성,여,5.0,True,아넷사/화이트닝 UV 선스크린 젤 A [SPF50+/PA++++]
4.0,50ml ," 33,000원",선케어,42,복합성,여,5.0,True,인셀덤/아쿠아 프로텍션 선 젤 [SPF45/PA++++]
4.0,50ml ," 33,000원",선케어,26,민감성,여,5.0,True,인셀덤/아쿠아 프로텍션 선 젤 [SPF45/PA++++]
4.0,50ml ," 33,000원",선케어,36,복합성,여,5.0,True,인셀덤/아쿠아 프로텍션 선 젤 [SPF45/PA++++]
4.35,40ml ," 26,000원",선케어,23,중성,여,5.0,True,씨케이디/그린프로폴리스 올커버리선 [SPF50+/PA++++]
4.35,40ml ," 26,000원",선케어,35,민감성,여,4.0,True,씨케이디/그린프로폴리스 올커버리선 [SPF50+/PA++++]
4.35,40ml ," 26,000원",선케어,31,민감성,여,4.0,True,씨케이디/그린프로폴리스 올커버리선 [SPF50+/PA++++]
4.35,40ml ," 26,000원",선케어,43,건성,여,5.0,True,씨케이디/그린프로폴리스 올커버리선 [SPF50+/PA++++]
4.35,40ml ," 26,000원",선케어,39,복합성,여,4.0,True,씨케이디/그린프로폴리스 올커버리선 [SPF50+/PA++++]
4.35,40ml ," 26,000원",선케어,29,건성,여,4.0,True,씨케이디/그린프로폴리스 올커버리선 [SPF50+/PA++++]
4.35,40ml ," 26,000원",선케어,19,복합성,여,5.0,True,씨케이디/그린프로폴리스 올커버리선 [SPF50+/PA++++]
4.35,40ml ," 26,000원",선케어,26,중성,여,5.0,True,씨케이디/그린프로폴리스 올커버리선 [SPF50+/PA++++]
4.35,40ml ," 26,000원",선케어,35,건성,여,5.0,True,씨케이디/그린프로폴리스 올커버리선 [SPF50+/PA++++]
4.35,40ml ," 26,000원",선케어,22,복합성,여,5.0,True,씨케이디/그린프로폴리스 올커버리선 [SPF50+/PA++++]
4.35,40ml ," 26,000원",선케어,24,복합성,여,4.0,True,씨케이디/그린프로폴리스 올커버리선 [SPF50+/PA++++]
4.35,40ml ," 26,000원",선케어,24,복합성,여,5.0,True,씨케이디/그린프로폴리스 올커버리선 [SPF50+/PA++++]
4.35,40ml ," 26,000원",선케어,32,복합성,여,5.0,True,씨케이디/그린프로폴리스 올커버리선 [SPF50+/PA++++]
4.35,40ml ," 26,000원",선케어,24,건성,여,4.0,True,씨케이디/그린프로폴리스 올커버리선 [SPF50+/PA++++]
4.33,100ml ," 42,000원",선케어,24,건성,여,4.0,True,디어달리아/스킨 파라다이스 퓨어 모이스처 선 로션 [SPF50+/PA++++]
4.28,50g ," 20,000원",선케어,21,복합성,여,5.0,True,자빈드서울/윙크 선 베이스 [SPF50+/PA+++]
3.93,60ml ," 9,800원",선케어,28,지성,여,4.0,True,홀리카홀리카/메이크업 선크림 [SPF50+/PA+++]
3.93,60ml ," 9,800원",선케어,28,중성,여,4.0,True,홀리카홀리카/메이크업 선크림 [SPF50+/PA+++]
3.93,60ml ," 9,800원",선케어,34,건성,여,5.0,True,홀리카홀리카/메이크업 선크림 [SPF50+/PA+++]
3.93,60ml ," 9,800원",선케어,25,건성,여,5.0,True,홀리카홀리카/메이크업 선크림 [SPF50+/PA+++]
3.93,60ml ," 9,800원",선케어,38,지성,여,5.0,True,홀리카홀리카/메이크업 선크림 [SPF50+/PA+++]
3.93,60ml ," 9,800원",선케어,30,건성,여,5.0,True,홀리카홀리카/메이크업 선크림 [SPF50+/PA+++]
3.93,60ml ," 9,800원",선케어,27,복합성,여,4.0,True,홀리카홀리카/메이크업 선크림 [SPF50+/PA+++]
3.93,60ml ," 9,800원",선케어,28,민감성,여,4.0,True,홀리카홀리카/메이크업 선크림 [SPF50+/PA+++]
3.93,60ml ," 9,800원",선케어,26,복합성,여,4.0,True,홀리카홀리카/메이크업 선크림 [SPF50+/PA+++]
3.93,60ml ," 9,800원",선케어,28,건성,여,4.0,True,홀리카홀리카/메이크업 선크림 [SPF50+/PA+++]
3.93,60ml ," 9,800원",선케어,20,지성,여,5.0,True,홀리카홀리카/메이크업 선크림 [SPF50+/PA+++]
3.93,60ml ," 9,800원",선케어,39,복합성,여,4.0,True,홀리카홀리카/메이크업 선크림 [SPF50+/PA+++]
3.93,60ml ," 9,800원",선케어,29,민감성,여,5.0,True,홀리카홀리카/메이크업 선크림 [SPF50+/PA+++]
3.93,60ml ," 9,800원",선케어,24,민감성,여,4.0,True,홀리카홀리카/메이크업 선크림 [SPF50+/PA+++]
3.93,60ml ," 9,800원",선케어,30,지성,여,5.0,True,홀리카홀리카/메이크업 선크림 [SPF50+/PA+++]
3.93,60ml ," 9,800원",선케어,26,지성,여,5.0,True,홀리카홀리카/메이크업 선크림 [SPF50+/PA+++]
3.93,60ml ," 9,800원",선케어,36,복합성,여,4.0,True,홀리카홀리카/메이크업 선크림 [SPF50+/PA+++]
3.93,60ml ," 9,800원",선케어,27,복합성,여,5.0,True,홀리카홀리카/메이크업 선크림 [SPF50+/PA+++]
3.93,60ml ," 9,800원",선케어,24,복합성,여,5.0,True,홀리카홀리카/메이크업 선크림 [SPF50+/PA+++]
3.93,60ml ," 9,800원",선케어,27,복합성,여,4.0,True,홀리카홀리카/메이크업 선크림 [SPF50+/PA+++]
3.93,60ml ," 9,800원",선케어,30,민감성,여,5.0,True,홀리카홀리카/메이크업 선크림 [SPF50+/PA+++]
3.93,60ml ," 9,800원",선케어,31,건성,여,4.0,True,홀리카홀리카/메이크업 선크림 [SPF50+/PA+++]
3.93,60ml ," 9,800원",선케어,30,건성,여,5.0,True,홀리카홀리카/메이크업 선크림 [SPF50+/PA+++]
4.0,50ml ," 19,900원",선케어,27,복합성,여,4.0,True,일리윤/데일리 디펜스 멀티 선 크림 [SPF50+/PA++++]
4.0,50ml ," 30,000원",선케어,32,건성,여,4.0,True,듀이트리/어반 쉐이드 모이스처 리페어 선 [SPF50+/PA++++]
3.82,70ml ," 19,000원",선케어,29,복합성,여,4.0,True,스텔비/매직선 [SPF50+/PA+++]
4.8,75ml ," 21,000원",선케어,55,지성,여,5.0,True,데이비/캄 유브이 블럭 선미스트 [SPF50+/PA++++]
3.14,150ml ," 15,000원",선케어,31,복합성,여,5.0,True,VT COSMETICS/시카 선 스프레이 [SPF50+/PA+++]
3.14,150ml ," 15,000원",선케어,28,건성,여,4.0,True,VT COSMETICS/시카 선 스프레이 [SPF50+/PA+++]
3.14,150ml ," 15,000원",선케어,35,건성,여,4.0,True,VT COSMETICS/시카 선 스프레이 [SPF50+/PA+++]
3.25,155g ," 23,500원",선케어,30,민감성,여,4.0,True,뉴트로지나/쿨 드라이 스포츠 선스크린 브로드 스펙트럼 스프레이 [SPF50+/PA+++]
3.25,155g ," 23,500원",선케어,28,민감성,여,4.0,True,뉴트로지나/쿨 드라이 스포츠 선스크린 브로드 스펙트럼 스프레이 [SPF50+/PA+++]
3.25,155g ," 23,500원",선케어,22,복합성,여,4.0,True,뉴트로지나/쿨 드라이 스포츠 선스크린 브로드 스펙트럼 스프레이 [SPF50+/PA+++]
4.05,237ml ," 23,000원",선케어,38,복합성,여,4.0,True,오스트레일리안골드/태닝오일 스프레이 [SPF8]
4.05,237ml ," 23,000원",선케어,28,민감성,여,4.0,True,오스트레일리안골드/태닝오일 스프레이 [SPF8]
4.05,237ml ," 23,000원",선케어,29,건성,여,4.0,True,오스트레일리안골드/태닝오일 스프레이 [SPF8]
4.05,237ml ," 23,000원",선케어,30,민감성,여,4.0,True,오스트레일리안골드/태닝오일 스프레이 [SPF8]
4.05,237ml ," 23,000원",선케어,26,건성,여,4.0,True,오스트레일리안골드/태닝오일 스프레이 [SPF8]
4.05,237ml ," 23,000원",선케어,22,건성,여,4.0,True,오스트레일리안골드/태닝오일 스프레이 [SPF8]
4.05,237ml ," 23,000원",선케어,27,지성,여,4.0,True,오스트레일리안골드/태닝오일 스프레이 [SPF8]
4.05,237ml ," 23,000원",선케어,24,복합성,여,4.0,True,오스트레일리안골드/태닝오일 스프레이 [SPF8]
4.05,237ml ," 23,000원",선케어,32,복합성,여,4.0,True,오스트레일리안골드/태닝오일 스프레이 [SPF8]
4.05,237ml ," 23,000원",선케어,27,민감성,여,5.0,True,오스트레일리안골드/태닝오일 스프레이 [SPF8]
4.05,237ml ," 23,000원",선케어,29,복합성,여,4.0,True,오스트레일리안골드/태닝오일 스프레이 [SPF8]
4.05,237ml ," 23,000원",선케어,33,지성,여,4.0,True,오스트레일리안골드/태닝오일 스프레이 [SPF8]
4.05,237ml ," 23,000원",선케어,26,복합성,여,5.0,True,오스트레일리안골드/태닝오일 스프레이 [SPF8]
4.05,237ml ," 23,000원",선케어,32,복합성,여,4.0,True,오스트레일리안골드/태닝오일 스프레이 [SPF8]
4.05,237ml ," 23,000원",선케어,32,건성,여,5.0,True,오스트레일리안골드/태닝오일 스프레이 [SPF8]
4.05,237ml ," 23,000원",선케어,32,지성,여,4.0,True,오스트레일리안골드/태닝오일 스프레이 [SPF8]
3.45,240ml ," 13,500원",선케어,28,건성,여,4.0,True,하와이안 트로픽/다크 태닝 블렌딩 오일
3.45,240ml ," 13,500원",선케어,28,건성,여,4.0,True,하와이안 트로픽/다크 태닝 블렌딩 오일
3.45,240ml ," 13,500원",선케어,26,민감성,여,4.0,True,하와이안 트로픽/다크 태닝 블렌딩 오일
3.45,240ml ," 13,500원",선케어,30,지성,여,4.0,True,하와이안 트로픽/다크 태닝 블렌딩 오일
3.45,240ml ," 13,500원",선케어,28,건성,여,4.0,True,하와이안 트로픽/다크 태닝 블렌딩 오일
3.45,240ml ," 13,500원",선케어,33,건성,여,4.0,True,하와이안 트로픽/다크 태닝 블렌딩 오일
3.45,240ml ," 13,500원",선케어,30,지성,여,4.0,True,하와이안 트로픽/다크 태닝 블렌딩 오일
3.45,240ml ," 13,500원",선케어,34,복합성,여,4.0,True,하와이안 트로픽/다크 태닝 블렌딩 오일
3.71,237ml ," 23,000원",선케어,30,지성,여,4.0,True,오스트레일리안골드/엑셀러레이터 다크 태닝 스프레이 젤
3.71,237ml ," 23,000원",선케어,39,복합성,여,4.0,True,오스트레일리안골드/엑셀러레이터 다크 태닝 스프레이 젤
3.71,237ml ," 26,000원",선케어,30,지성,여,4.0,True,오스트레일리안골드/인텐시파이어 브론징 드라이 태닝오일 스프레이
3.71,237ml ," 26,000원",선케어,39,복합성,여,4.0,True,오스트레일리안골드/인텐시파이어 브론징 드라이 태닝오일 스프레이
4.0,240ml ," 13,500원",선케어,40,복합성,여,4.0,True,하와이안 트로픽/다크 태닝 오일 선스크린 스프레이 [SPF4]
4.0,240ml ," 13,500원",선케어,36,복합성,여,4.0,True,하와이안 트로픽/다크 태닝 오일 선스크린 스프레이 [SPF4]
4.0,150ml ," 25,000원",선케어,33,복합성,여,4.0,True,비엘렌다/매직 브론즈 셀프태닝 오일 미스트
4.55,500ml ," 16,000원",선케어,56,건성,여,5.0,True,아로마티카/수딩 알로에 베라 젤
4.55,500ml ," 16,000원",선케어,30,건성,여,5.0,True,아로마티카/수딩 알로에 베라 젤
4.55,500ml ," 16,000원",선케어,28,건성,여,5.0,True,아로마티카/수딩 알로에 베라 젤
4.55,500ml ," 16,000원",선케어,22,복합성,여,4.0,True,아로마티카/수딩 알로에 베라 젤
4.55,500ml ," 16,000원",선케어,19,건성,여,5.0,True,아로마티카/수딩 알로에 베라 젤
4.55,500ml ," 16,000원",선케어,33,건성,여,5.0,True,아로마티카/수딩 알로에 베라 젤
4.55,500ml ," 16,000원",선케어,23,복합성,여,5.0,True,아로마티카/수딩 알로에 베라 젤
4.55,500ml ," 16,000원",선케어,31,복합성,여,5.0,True,아로마티카/수딩 알로에 베라 젤
4.55,500ml ," 16,000원",선케어,28,복합성,여,5.0,True,아로마티카/수딩 알로에 베라 젤
4.55,500ml ," 16,000원",선케어,25,민감성,여,5.0,True,아로마티카/수딩 알로에 베라 젤
4.55,500ml ," 16,000원",선케어,26,복합성,여,4.0,True,아로마티카/수딩 알로에 베라 젤
4.55,500ml ," 16,000원",선케어,30,건성,여,4.0,True,아로마티카/수딩 알로에 베라 젤
4.44,300ml ," 6,800원",선케어,17,지성,여,5.0,True,브링그린/알로에 99% 수딩 젤
4.33,250ml ," 6,800원",선케어,31,건성,여,4.0,True,홀리카홀리카/알로에 99% 수딩젤
4.33,250ml ," 6,800원",선케어,28,복합성,여,4.0,True,홀리카홀리카/알로에 99% 수딩젤
4.33,250ml ," 6,800원",선케어,23,복합성,여,4.0,True,홀리카홀리카/알로에 99% 수딩젤
4.33,250ml ," 6,800원",선케어,31,건성,여,5.0,True,홀리카홀리카/알로에 99% 수딩젤
4.33,250ml ," 6,800원",선케어,43,민감성,여,5.0,True,홀리카홀리카/알로에 99% 수딩젤
4.37,175ml ," 19,900원",선케어,33,복합성,여,4.0,True,일리윤/세라마이드 아토 수딩 젤
4.37,175ml ," 19,900원",선케어,23,복합성,여,5.0,True,일리윤/세라마이드 아토 수딩 젤
4.37,175ml ," 19,900원",선케어,30,복합성,여,5.0,True,일리윤/세라마이드 아토 수딩 젤
4.74,250ml ," 14,500원",선케어,31,건성,여,5.0,True,야다/선인장 수딩젤
4.74,250ml ," 14,500원",선케어,36,복합성,여,5.0,True,야다/선인장 수딩젤
4.74,250ml ," 14,500원",선케어,28,건성,여,4.0,True,야다/선인장 수딩젤
4.32,250ml ," 3,900원",선케어,24,민감성,여,5.0,True,토니모리/알로에 99% 촉촉 수딩젤
4.36,150ml ," 25,000원",선케어,35,복합성,여,4.0,True,김정문알로에/큐어 알로에 수딩젤
4.42,300ml ," 10,000원",선케어,28,복합성,여,5.0,True,아로마티카/시카 카밍 젤
4.42,300ml ," 10,000원",선케어,36,복합성,여,4.0,True,아로마티카/시카 카밍 젤
4.17,165ml ," 8,900원",선케어,32,복합성,여,4.0,True,시드물/알로에 에센셜 [지성용]
4.17,165ml ," 8,900원",선케어,23,복합성,여,5.0,True,시드물/알로에 에센셜 [지성용]
4.16,270ml ," 7,000원",선케어,31,건성,여,5.0,True,비욘드/제주 대나무 수딩젤
4.07,300ml ," 4,500원",선케어,30,건성,여,4.0,True,더페이스샵/신선한 제주 알로에 수딩젤
4.18,120ml ," 9,600원",선케어,27,복합성,여,4.0,True,시드물/알로에 베라 96 수딩겔
3.95,165ml ," 13,800원",선케어,16,복합성,여,5.0,True,시드물/티트리 에센셜
4.29,100ml ," 39,000원",선케어,42,복합성,여,5.0,True,인셀덤/카밍 밸런서 수딩젤
3.9,70ml ," 9,900원",선케어,36,지성,여,5.0,True,이솔/프로폴리스 수딩 솔루션
4.58,480ml ," 20,400원",제모용품,40,건성,여,5.0,True,닥터바이오/에코 모이스처 로션
4.58,480ml ," 20,400원",제모용품,33,복합성,여,4.0,True,닥터바이오/에코 모이스처 로션
4.41,200ml ," 19,900원",제모용품,50,복합성,여,4.0,True,일리윤/세라마이드 아토 집중 크림
4.41,200ml ," 19,900원",제모용품,22,복합성,여,5.0,True,일리윤/세라마이드 아토 집중 크림
4.41,200ml ," 19,900원",제모용품,32,복합성,여,4.0,True,일리윤/세라마이드 아토 집중 크림
4.43,400ml ," 16,000원",제모용품,26,복합성,여,5.0,True,더마비/데일리 모이스처 바디 로션
4.43,400ml ," 16,000원",제모용품,25,복합성,여,5.0,True,더마비/데일리 모이스처 바디 로션
4.43,400ml ," 16,000원",제모용품,29,복합성,여,5.0,True,더마비/데일리 모이스처 바디 로션
4.42,350ml ," 19,900원",제모용품,25,민감성,여,5.0,True,일리윤/세라마이드 아토 로션
4.42,350ml ," 19,900원",제모용품,30,민감성,여,5.0,True,일리윤/세라마이드 아토 로션
4.42,350ml ," 19,900원",제모용품,21,민감성,여,4.0,True,일리윤/세라마이드 아토 로션
4.42,430ml ," 23,000원",제모용품,40,건성,여,5.0,True,더마비/울트라 모이스처 바디 크림
4.31,354ml ," 19,900원",제모용품,22,건성,여,5.0,True,아비노/스킨 릴리프 모이스춰라이징 로션
4.37,350ml ," 19,900원",제모용품,32,건성,여,5.0,True,일리윤/울트라 리페어 로션
4.37,350ml ," 19,900원",제모용품,28,복합성,여,4.0,True,일리윤/울트라 리페어 로션
4.34,473ml ," 19,000원",제모용품,32,건성,여,5.0,True,세타필/모이스춰라이징 로션
4.33,500ml ," 36,000원",제모용품,35,복합성,여,5.0,True,바이오더마/아토덤 크림
4.34,225g ," 44,000원",제모용품,26,민감성,여,4.0,True,러쉬/슬리피
4.58,100ml ," 3,200원",제모용품,39,민감성,여,5.0,True,바세린/오리지널 프로텍팅 젤리
4.58,100ml ," 3,200원",제모용품,22,지성,여,5.0,True,바세린/오리지널 프로텍팅 젤리
4.58,100ml ," 3,200원",제모용품,31,건성,여,5.0,True,바세린/오리지널 프로텍팅 젤리
4.58,100ml ," 3,200원",제모용품,16,건성,여,4.0,True,바세린/오리지널 프로텍팅 젤리
4.58,100ml ," 3,200원",제모용품,26,민감성,여,5.0,True,바세린/오리지널 프로텍팅 젤리
4.58,100ml ," 3,200원",제모용품,25,지성,여,5.0,True,바세린/오리지널 프로텍팅 젤리
4.58,100ml ," 3,200원",제모용품,24,복합성,여,5.0,True,바세린/오리지널 프로텍팅 젤리
4.58,100ml ," 3,200원",제모용품,22,복합성,여,5.0,True,바세린/오리지널 프로텍팅 젤리
4.58,100ml ," 3,200원",제모용품,26,중성,여,5.0,True,바세린/오리지널 프로텍팅 젤리
4.47,100ml ," 45,000원",제모용품,36,민감성,여,5.0,True,헉슬리/바디 오일 모로칸 가드너
4.47,100ml ," 45,000원",제모용품,30,민감성,여,5.0,True,헉슬리/바디 오일 모로칸 가드너
4.47,100ml ," 45,000원",제모용품,42,복합성,여,5.0,True,헉슬리/바디 오일 모로칸 가드너
4.47,100ml ," 45,000원",제모용품,25,복합성,여,5.0,True,헉슬리/바디 오일 모로칸 가드너
4.47,100ml ," 45,000원",제모용품,37,민감성,여,5.0,True,헉슬리/바디 오일 모로칸 가드너
4.47,100ml ," 45,000원",제모용품,27,복합성,여,5.0,True,헉슬리/바디 오일 모로칸 가드너
4.43,115ml ," 16,000원",제모용품,39,복합성,여,4.0,True,버츠비/마마 비 너리싱 바디 오일
4.24,200ml ," 15,000원",제모용품,30,건성,여,5.0,True,더마비/데일리 모이스처 바디 오일
4.24,200ml ," 15,000원",제모용품,28,복합성,여,4.0,True,더마비/데일리 모이스처 바디 오일
4.24,200ml ," 15,000원",제모용품,29,복합성,여,5.0,True,더마비/데일리 모이스처 바디 오일
4.24,200ml ," 15,000원",제모용품,27,중성,여,5.0,True,더마비/데일리 모이스처 바디 오일
4.24,200ml ," 15,000원",제모용품,30,민감성,여,5.0,True,더마비/데일리 모이스처 바디 오일
4.17,15g ," 13,000원",제모용품,34,복합성,여,4.0,True,버츠비/레스큐 오인트먼트
4.17,15g ," 13,000원",제모용품,24,민감성,여,5.0,True,버츠비/레스큐 오인트먼트
4.05,135ml ," 14,000원",제모용품,29,건성,여,4.0,True,더마비/인텐시브 베리어 멀티 오일
4.05,135ml ," 14,000원",제모용품,40,건성,여,5.0,True,더마비/인텐시브 베리어 멀티 오일
4.05,135ml ," 14,000원",제모용품,31,민감성,여,5.0,True,더마비/인텐시브 베리어 멀티 오일
4.73,190ml ," 99,000원",제모용품,32,건성,여,5.0,True,불리 1803/윌 앙띠끄 바디오일 [리켄 데코스]
3.96,150ml ," 55,000원",제모용품,40,건성,여,5.0,True,록시땅/퓨어 시어 버터
4.42,100ml ," 9,800원",제모용품,29,복합성,여,5.0,True,라운드어라운드/드라이플라워 바디 앤 헤어 미스트 [안개초]
4.24,250ml , 가격미정,제모용품,34,민감성,여,4.0,True,빅토리아시크릿/바디미스트 [아쿠아키스]
4.2,94ml ," 10,000원",제모용품,29,복합성,여,4.0,True,바디판타지/웨딩데이 판타지 바디스프레이
4.2,94ml ," 10,000원",제모용품,27,복합성,여,5.0,True,바디판타지/웨딩데이 판타지 바디스프레이
4.2,94ml ," 10,000원",제모용품,26,복합성,여,4.0,True,바디판타지/웨딩데이 판타지 바디스프레이
4.2,94ml ," 10,000원",제모용품,22,건성,여,4.0,True,바디판타지/웨딩데이 판타지 바디스프레이
4.23,50ml ," 9,900원",제모용품,25,지성,여,4.0,True,바디홀릭/바디미스트 [화이트포션]
4.3,50ml ," 9,900원",제모용품,29,건성,여,5.0,True,바디홀릭/바디미스트 [바이올렛포션]
4.18,200ml ," 50,000원",제모용품,32,복합성,여,4.0,True,러쉬/보디 스프레이 [대드스 가든 레몬 트리]
4.25,200ml ," 50,000원",제모용품,24,중성,여,5.0,True,러쉬/보디 스프레이 [트와일라잇]
4.17,100ml ," 13,800원",제모용품,26,복합성,여,4.0,True,더프트앤도프트/스톡홀름로즈 파인프라그란스 헤어 & 바디미스트
4.19,118ml ," 12,000원",제모용품,22,건성,여,4.0,True,바디판타지/퓨어 프래그런스 바디 스프레이 퍼플 코튼 판타지
4.14,100ml ," 13,800원",제모용품,24,건성,여,4.0,True,더프트앤도프트/핑크브리즈 파인프라그란스 헤어 & 바디미스트
4.07,200ml ," 29,900원",제모용품,31,건성,여,5.0,True,낫포유/클리어 바디미스트
4.07,200ml ," 29,900원",제모용품,33,건성,여,5.0,True,낫포유/클리어 바디미스트
4.07,200ml ," 29,900원",제모용품,23,지성,여,4.0,True,낫포유/클리어 바디미스트
4.5,50g ," 12,000원",제모용품,27,지성,여,5.0,True,타이거밤/타이거밤 넥앤숄더 크림
4.5,50g ," 12,000원",제모용품,33,건성,여,4.0,True,타이거밤/타이거밤 넥앤숄더 크림
4.5,50g ," 12,000원",제모용품,30,건성,여,4.0,True,타이거밤/타이거밤 넥앤숄더 크림
4.5,50g ," 12,000원",제모용품,35,복합성,여,5.0,True,타이거밤/타이거밤 넥앤숄더 크림
4.5,50g ," 12,000원",제모용품,27,복합성,여,4.0,True,타이거밤/타이거밤 넥앤숄더 크림
4.5,50g ," 12,000원",제모용품,30,지성,여,5.0,True,타이거밤/타이거밤 넥앤숄더 크림
4.5,50g ," 12,000원",제모용품,28,건성,여,4.0,True,타이거밤/타이거밤 넥앤숄더 크림
3.79,200ml ," 42,000원",제모용품,31,복합성,여,4.0,True,얼스레시피/셀다운 너리싱 크림
3.9,120ml ," 50,000원",제모용품,21,건성,여,4.0,True,유라인코스메틱/바디슬리밍 핫 테라피 크림
4.23,1p ," 5,000원",제모용품,23,건성,여,5.0,True,어퓨/피곤하지 마사지 볼
4.23,1p ," 5,000원",제모용품,42,복합성,여,5.0,True,어퓨/피곤하지 마사지 볼
4.36,100ml ," 40,000원",제모용품,37,복합성,여,5.0,True,벨레다/버치 셀룰라이트 오일
4.36,100ml ," 40,000원",제모용품,33,복합성,여,5.0,True,벨레다/버치 셀룰라이트 오일
4.36,100ml ," 40,000원",제모용품,30,복합성,여,4.0,True,벨레다/버치 셀룰라이트 오일
4.36,100ml ," 40,000원",제모용품,37,복합성,여,4.0,True,벨레다/버치 셀룰라이트 오일
4.36,100ml ," 40,000원",제모용품,38,지성,여,5.0,True,벨레다/버치 셀룰라이트 오일
3.55,용량미정 ," 350,000원",제모용품,34,복합성,여,5.0,True,뉴스킨/갈바닉 스파 시스템 에이지락바디
3.55,용량미정 ," 350,000원",제모용품,30,지성,여,5.0,True,뉴스킨/갈바닉 스파 시스템 에이지락바디
3.4,200ml ," 74,000원",제모용품,52,민감성,여,4.0,True,클라랑스/바디 리프트 컨트롤
3.4,200ml ," 74,000원",제모용품,42,민감성,여,5.0,True,클라랑스/바디 리프트 컨트롤
5.0,150ml ," 24,900원",제모용품,32,건성,여,5.0,True,더유핏/스파클링 부스터
5.0,150ml ," 24,900원",제모용품,33,건성,여,5.0,True,더유핏/스파클링 부스터
3.6,200ml ," 80,000원",제모용품,32,지성,여,5.0,True,클라랑스/바디 핏 엑스퍼트 카피톤
5.0,2ea , 가격미정,제모용품,29,건성,여,5.0,True,알자토/레그 서포터
5.0,2ea , 가격미정,제모용품,35,민감성,여,5.0,True,알자토/레그 서포터
4.5,200 ml ," 92,000원",제모용품,33,중성,여,5.0,True,클라랑스/수퍼 레스토러티브 바디 케어
4.5,1ea ," 590,000원",제모용품,26,민감성,여,5.0,True,실큰/실루엣 고주파 바디관리기
4.51,120g ," 12,000원",제모용품,27,건성,여,5.0,True,크리스탈/미네랄 데오드란트 스틱
4.51,120g ," 12,000원",제모용품,24,복합성,여,5.0,True,크리스탈/미네랄 데오드란트 스틱
4.51,120g ," 12,000원",제모용품,27,건성,여,5.0,True,크리스탈/미네랄 데오드란트 스틱
4.51,120g ," 12,000원",제모용품,28,복합성,여,5.0,True,크리스탈/미네랄 데오드란트 스틱
4.51,120g ," 12,000원",제모용품,24,건성,여,4.0,True,크리스탈/미네랄 데오드란트 스틱
4.13,15ea ," 4,900원",제모용품,27,건성,여,4.0,True,미스사사/슈퍼 쿨링 파우더 시트 [클린 솝]
4.13,15ea ," 4,900원",제모용품,32,민감성,여,5.0,True,미스사사/슈퍼 쿨링 파우더 시트 [클린 솝]
4.41,50ml ," 39,000원",제모용품,39,건성,여,4.0,True,이솝/데오도란트
4.28,75ml ," 11,500원",제모용품,28,복합성,여,5.0,True,니베아/데오드란트 미스트 내추럴리굿 그린티
4.28,75ml ," 11,500원",제모용품,25,중성,여,4.0,True,니베아/데오드란트 미스트 내추럴리굿 그린티
4.28,75ml ," 11,500원",제모용품,27,복합성,여,4.0,True,니베아/데오드란트 미스트 내추럴리굿 그린티
4.28,75ml ," 11,500원",제모용품,27,지성,여,5.0,True,니베아/데오드란트 미스트 내추럴리굿 그린티
4.28,75ml ," 11,500원",제모용품,26,민감성,여,4.0,True,니베아/데오드란트 미스트 내추럴리굿 그린티
4.28,75ml ," 11,500원",제모용품,24,복합성,여,5.0,True,니베아/데오드란트 미스트 내추럴리굿 그린티
4.28,75ml ," 11,500원",제모용품,25,복합성,여,5.0,True,니베아/데오드란트 미스트 내추럴리굿 그린티
4.28,75ml ," 11,500원",제모용품,27,지성,여,4.0,True,니베아/데오드란트 미스트 내추럴리굿 그린티
4.28,75ml ," 11,500원",제모용품,28,건성,여,5.0,True,니베아/데오드란트 미스트 내추럴리굿 그린티
4.28,75ml ," 11,500원",제모용품,29,건성,여,4.0,True,니베아/데오드란트 미스트 내추럴리굿 그린티
4.28,75ml ," 11,500원",제모용품,27,복합성,여,4.0,True,니베아/데오드란트 미스트 내추럴리굿 그린티
4.28,75ml ," 11,500원",제모용품,23,지성,여,4.0,True,니베아/데오드란트 미스트 내추럴리굿 그린티
3.76,50ml ," 8,200원",제모용품,25,지성,여,5.0,True,니베아/드라이 콤포트 롤온
3.8,50ml ," 8,200원",제모용품,24,복합성,여,5.0,True,니베아/데오드란트 롤온 펄 앤 뷰티
3.66,40ml ," 6,300원",제모용품,27,복합성,여,5.0,True,니베아/엑스트라 화이트 스틱
3.66,40ml ," 6,300원",제모용품,36,중성,여,4.0,True,니베아/엑스트라 화이트 스틱
3.66,40ml ," 6,300원",제모용품,19,복합성,여,5.0,True,니베아/엑스트라 화이트 스틱
3.66,40ml ," 6,300원",제모용품,30,건성,여,5.0,True,니베아/엑스트라 화이트 스틱
4.13,150ml ," 14,900원",제모용품,31,복합성,여,5.0,True,랩피토/레그 쿨링젤
4.13,150ml ," 14,900원",제모용품,28,건성,여,4.0,True,랩피토/레그 쿨링젤
4.23,7ml ," 32,000원",제모용품,21,민감성,여,4.0,True,아베다/쿨링 밸런싱 오일 컨센트레이트
4.23,7ml ," 32,000원",제모용품,27,복합성,여,5.0,True,아베다/쿨링 밸런싱 오일 컨센트레이트
4.23,7ml ," 32,000원",제모용품,34,복합성,여,5.0,True,아베다/쿨링 밸런싱 오일 컨센트레이트
4.23,7ml ," 32,000원",제모용품,38,민감성,여,4.0,True,아베다/쿨링 밸런싱 오일 컨센트레이트
4.23,7ml ," 32,000원",제모용품,34,지성,여,5.0,True,아베다/쿨링 밸런싱 오일 컨센트레이트
4.39,10ml ," 36,000원",제모용품,29,복합성,여,5.0,True,이솝/진저 플라이트 테라피
4.39,10ml ," 36,000원",제모용품,32,건성,여,4.0,True,이솝/진저 플라이트 테라피
4.39,10ml ," 36,000원",제모용품,26,건성,여,4.0,True,이솝/진저 플라이트 테라피
4.39,10ml ," 36,000원",제모용품,31,건성,여,5.0,True,이솝/진저 플라이트 테라피
4.38,100ml ," 20,000원",제모용품,40,건성,여,4.0,True,마녀공장/만사쾌신 넥 앤 숄더 크림
4.07,150ml ," 14,900원",제모용품,28,건성,여,4.0,True,랩피토/레그 쿨링 젤 시트러스
3.74,7ml ," 32,000원",제모용품,27,복합성,여,4.0,True,아베다/스트레스-픽스™ 컨센트레이트
4.5,25g ," 12,000원",제모용품,31,복합성,여,4.0,True,타이거밤/릴리프
4.5,25g ," 12,000원",제모용품,28,민감성,여,4.0,True,타이거밤/릴리프
4.11,125ml ," 41,000원",제모용품,42,민감성,여,4.0,True,클라랑스/에너자이징 에멀젼 포 타이어드 레그스
4.43,300ml ," 21,000원",제모용품,36,복합성,여,4.0,True,안나홀츠/아로마 릴렉싱 마사지 오일
4.67,130g ," 48,000원",제모용품,31,지성,여,4.0,True,모어벨라/모어스키니 여리핏 바디슬리밍 쿨크림
4.45,30ml ," 15,000원",제모용품,21,지성,여,5.0,True,헉슬리/핸드 크림 모로칸 가드너
4.45,30ml ," 15,000원",제모용품,26,지성,여,4.0,True,헉슬리/핸드 크림 모로칸 가드너
4.45,30ml ," 15,000원",제모용품,43,중성,여,5.0,True,헉슬리/핸드 크림 모로칸 가드너
4.45,30ml ," 15,000원",제모용품,27,건성,여,5.0,True,헉슬리/핸드 크림 모로칸 가드너
4.45,30ml ," 15,000원",제모용품,25,복합성,여,5.0,True,헉슬리/핸드 크림 모로칸 가드너
4.45,30ml ," 15,000원",제모용품,27,복합성,여,4.0,True,헉슬리/핸드 크림 모로칸 가드너
4.45,30ml ," 15,000원",제모용품,28,민감성,여,5.0,True,헉슬리/핸드 크림 모로칸 가드너
4.45,30ml ," 15,000원",제모용품,34,지성,여,5.0,True,헉슬리/핸드 크림 모로칸 가드너
4.45,30ml ," 15,000원",제모용품,28,건성,여,4.0,True,헉슬리/핸드 크림 모로칸 가드너
4.45,30ml ," 15,000원",제모용품,27,건성,여,4.0,True,헉슬리/핸드 크림 모로칸 가드너
4.4,354ml ," 10,900원",제모용품,29,건성,여,5.0,True,퓨렐/손소독제
4.32,75ml ," 10,000원",제모용품,24,복합성,여,4.0,True,허바신/카밀 핸드크림 튜브
4.34,50ml ," 15,000원",제모용품,26,민감성,여,5.0,True,온호프/핸드크림 [쏘 희]
4.31,30ml ," 3,800원",제모용품,24,복합성,여,5.0,True,브링그린/티 룸 핸드크림 [플라워티]
4.65,385ml ," 9,900원",제모용품,25,지성,여,4.0,True,온더바디/발을씻자 코튼풋샴푸 [프레쉬 레몬 민트]
4.65,385ml ," 9,900원",제모용품,25,복합성,여,4.0,True,온더바디/발을씻자 코튼풋샴푸 [프레쉬 레몬 민트]
4.65,385ml ," 9,900원",제모용품,31,건성,여,5.0,True,온더바디/발을씻자 코튼풋샴푸 [프레쉬 레몬 민트]
4.65,385ml ," 9,900원",제모용품,25,복합성,여,5.0,True,온더바디/발을씻자 코튼풋샴푸 [프레쉬 레몬 민트]
4.65,385ml ," 9,900원",제모용품,51,복합성,여,4.0,True,온더바디/발을씻자 코튼풋샴푸 [프레쉬 레몬 민트]
4.65,385ml ," 9,900원",제모용품,20,건성,여,5.0,True,온더바디/발을씻자 코튼풋샴푸 [프레쉬 레몬 민트]
4.65,385ml ," 9,900원",제모용품,32,건성,여,5.0,True,온더바디/발을씻자 코튼풋샴푸 [프레쉬 레몬 민트]
4.65,385ml ," 9,900원",제모용품,26,지성,여,5.0,True,온더바디/발을씻자 코튼풋샴푸 [프레쉬 레몬 민트]
4.69,385ml ," 9,900원",제모용품,34,건성,여,5.0,True,온더바디/발을씻자 코튼풋샴푸 [프레쉬 자몽 민트]
4.69,385ml ," 9,900원",제모용품,28,건성,여,4.0,True,온더바디/발을씻자 코튼풋샴푸 [프레쉬 자몽 민트]
4.69,385ml ," 9,900원",제모용품,35,복합성,여,5.0,True,온더바디/발을씻자 코튼풋샴푸 [프레쉬 자몽 민트]
4.69,385ml ," 9,900원",제모용품,28,민감성,여,5.0,True,온더바디/발을씻자 코튼풋샴푸 [프레쉬 자몽 민트]
4.44,56g ," 8,900원",제모용품,20,민감성,여,5.0,True,뉴트로지나/인텐스 리페어 풋크림
4.44,56g ," 8,900원",제모용품,28,복합성,여,5.0,True,뉴트로지나/인텐스 리페어 풋크림
4.44,56g ," 8,900원",제모용품,34,지성,여,5.0,True,뉴트로지나/인텐스 리페어 풋크림
4.44,56g ," 8,900원",제모용품,32,건성,여,5.0,True,뉴트로지나/인텐스 리페어 풋크림
4.44,56g ," 8,900원",제모용품,34,건성,여,4.0,True,뉴트로지나/인텐스 리페어 풋크림
4.44,56g ," 8,900원",제모용품,46,민감성,남,5.0,True,뉴트로지나/인텐스 리페어 풋크림
4.44,56g ," 8,900원",제모용품,27,중성,여,5.0,True,뉴트로지나/인텐스 리페어 풋크림
4.32,150ml ," 39,000원",제모용품,31,건성,여,4.0,True,록시땅/시어 버터 풋 크림
4.32,150ml ," 39,000원",제모용품,34,건성,여,5.0,True,록시땅/시어 버터 풋 크림
4.17,75g ," 9,900원",제모용품,20,복합성,여,4.0,True,히말라야/풋 케어 크림
4.17,75g ," 9,900원",제모용품,18,지성,여,5.0,True,히말라야/풋 케어 크림
4.12,25ml*2 ," 8,800원",제모용품,34,지성,여,4.0,True,토니모리/샤이니 풋 슈퍼 필링 리퀴드
4.11,300ml ," 17,000원",제모용품,37,복합성,여,5.0,True,티타니아/발샴푸
4.47,50ml ," 8,000원",제모용품,37,복합성,여,5.0,True,더마비/우레아9.8 풋 크림
4.47,50ml ," 8,000원",제모용품,24,복합성,여,4.0,True,더마비/우레아9.8 풋 크림
4.47,50ml ," 8,000원",제모용품,32,복합성,여,5.0,True,더마비/우레아9.8 풋 크림
4.47,50ml ," 8,000원",제모용품,30,복합성,여,5.0,True,더마비/우레아9.8 풋 크림
4.81,110g ," 12,000원",제모용품,31,건성,여,4.0,True,웰빙헬스팜/고운발 크림
4.81,110g ," 12,000원",제모용품,31,건성,여,5.0,True,웰빙헬스팜/고운발 크림
4.81,110g ," 12,000원",제모용품,33,건성,여,5.0,True,웰빙헬스팜/고운발 크림
4.81,110g ," 12,000원",제모용품,41,복합성,여,5.0,True,웰빙헬스팜/고운발 크림
4.81,110g ," 12,000원",제모용품,32,복합성,여,5.0,True,웰빙헬스팜/고운발 크림
4.81,110g ," 12,000원",제모용품,39,민감성,여,5.0,True,웰빙헬스팜/고운발 크림
4.52,125ml ," 40,000원",제모용품,44,건성,여,5.0,True,아베다/풋 릴리프™
4.21,385ml ," 9,900원",제모용품,31,건성,여,5.0,True,온더바디/발을씻자 코튼풋샴푸 [쿨링]
4.21,385ml ," 9,900원",제모용품,25,건성,여,5.0,True,온더바디/발을씻자 코튼풋샴푸 [쿨링]
4.59,200g ," 18,000원",제모용품,23,복합성,여,5.0,True,러쉬/더 컴포터
4.6,250g ," 25,000원",제모용품,27,복합성,여,4.0,True,솔테라피/솔티 허니 바디 스크럽
4.44,250ml ," 13,500원",제모용품,39,복합성,여,4.0,True,비욘드/토탈 리커버리 샤워크림
4.4,200g ," 12,000원",제모용품,30,복합성,여,4.0,True,러쉬/섹스 밤
4.43,200g ," 17,000원",제모용품,25,복합성,여,5.0,True,러쉬/인터갈락틱
4.43,200g ," 17,000원",제모용품,24,건성,여,4.0,True,러쉬/인터갈락틱
4.37,500ml ," 14,900원",제모용품,30,지성,여,5.0,True,일리윤/세라마이드 아토 6.0 탑투토워시
4.06,150ml ," 32,000원",제모용품,31,지성,여,5.0,True,나인위시스/화이트 톤업 바디 세럼 [SPF21]
4.06,150ml ," 32,000원",제모용품,30,건성,여,4.0,True,나인위시스/화이트 톤업 바디 세럼 [SPF21]
4.06,150ml ," 32,000원",제모용품,23,건성,여,4.0,True,나인위시스/화이트 톤업 바디 세럼 [SPF21]
4.06,150ml ," 32,000원",제모용품,30,복합성,여,4.0,True,나인위시스/화이트 톤업 바디 세럼 [SPF21]
4.06,150ml ," 32,000원",제모용품,19,지성,여,4.0,True,나인위시스/화이트 톤업 바디 세럼 [SPF21]
4.06,150ml ," 32,000원",제모용품,26,복합성,여,4.0,True,나인위시스/화이트 톤업 바디 세럼 [SPF21]
4.06,150ml ," 32,000원",제모용품,21,민감성,여,5.0,True,나인위시스/화이트 톤업 바디 세럼 [SPF21]
4.06,150ml ," 32,000원",제모용품,24,복합성,여,5.0,True,나인위시스/화이트 톤업 바디 세럼 [SPF21]
4.06,150ml ," 32,000원",제모용품,32,중성,여,4.0,True,나인위시스/화이트 톤업 바디 세럼 [SPF21]
4.06,150ml ," 32,000원",제모용품,33,복합성,여,4.0,True,나인위시스/화이트 톤업 바디 세럼 [SPF21]
4.06,150ml ," 32,000원",제모용품,31,복합성,여,5.0,True,나인위시스/화이트 톤업 바디 세럼 [SPF21]
4.06,150ml ," 32,000원",제모용품,31,복합성,여,4.0,True,나인위시스/화이트 톤업 바디 세럼 [SPF21]
4.06,150ml ," 32,000원",제모용품,31,복합성,여,5.0,True,나인위시스/화이트 톤업 바디 세럼 [SPF21]
4.06,150ml ," 32,000원",제모용품,28,중성,여,4.0,True,나인위시스/화이트 톤업 바디 세럼 [SPF21]
4.06,150ml ," 32,000원",제모용품,20,지성,여,5.0,True,나인위시스/화이트 톤업 바디 세럼 [SPF21]
4.06,150ml ," 32,000원",제모용품,27,민감성,여,5.0,True,나인위시스/화이트 톤업 바디 세럼 [SPF21]
4.06,150ml ," 32,000원",제모용품,29,복합성,여,4.0,True,나인위시스/화이트 톤업 바디 세럼 [SPF21]
4.06,150ml ," 32,000원",제모용품,26,복합성,여,4.0,True,나인위시스/화이트 톤업 바디 세럼 [SPF21]
4.06,150ml ," 32,000원",제모용품,21,건성,여,4.0,True,나인위시스/화이트 톤업 바디 세럼 [SPF21]
4.06,150ml ," 32,000원",제모용품,34,복합성,여,4.0,True,나인위시스/화이트 톤업 바디 세럼 [SPF21]
4.06,150ml ," 32,000원",제모용품,29,건성,여,5.0,True,나인위시스/화이트 톤업 바디 세럼 [SPF21]
4.06,150ml ," 32,000원",제모용품,23,복합성,여,4.0,True,나인위시스/화이트 톤업 바디 세럼 [SPF21]
4.0,50ml ," 24,000원",제모용품,24,건성,여,4.0,True,코스노리/샤이닝 드레스 크림
4.0,50ml ," 24,000원",제모용품,21,중성,여,5.0,True,코스노리/샤이닝 드레스 크림
5.0,240ml ," 36,000원",제모용품,31,민감성,여,5.0,True,오프라/로데오 드라이브 페이스 앤 바디 미스트
3.5,100ml ," 26,500원",제모용품,31,민감성,여,4.0,True,낫포유/마네킹 바디 파운데이션 [SPF22/PA++]
3.3,42.5g ," 46,000원",제모용품,21,복합성,여,4.0,True,베네피트/테이크 어 픽쳐 잇 래스트 롱거
3.3,42.5g ," 46,000원",제모용품,34,민감성,여,4.0,True,베네피트/테이크 어 픽쳐 잇 래스트 롱거
4.44,200ml ," 7,000원",제모용품,22,복합성,여,4.0,True,질레트/비너스 새틴케어 여성용 면도젤
4.41,1ea ," 18,500원",제모용품,29,민감성,여,5.0,True,질레트/비너스 임브레이스 면도기
4.41,1ea ," 18,500원",제모용품,21,중성,여,5.0,True,질레트/비너스 임브레이스 면도기
4.41,1ea ," 18,500원",제모용품,33,복합성,여,5.0,True,질레트/비너스 임브레이스 면도기
4.41,1ea ," 18,500원",제모용품,30,복합성,여,5.0,True,질레트/비너스 임브레이스 면도기
4.41,1ea ," 18,500원",제모용품,25,복합성,여,5.0,True,질레트/비너스 임브레이스 면도기
4.41,1ea ," 18,500원",제모용품,17,복합성,여,5.0,True,질레트/비너스 임브레이스 면도기
4.41,1ea ," 18,500원",제모용품,21,건성,여,4.0,True,질레트/비너스 임브레이스 면도기
4.41,1ea ," 18,500원",제모용품,33,복합성,여,5.0,True,질레트/비너스 임브레이스 면도기
4.29,1ea ," 13,900원",제모용품,42,복합성,여,4.0,True,쉬크/인튜이션 내추럴 면도기
4.26,1ea ," 20,900원",제모용품,20,지성,여,5.0,True,질레트/비너스 스월 면도기
3.71,1ea ," 13,900원",제모용품,25,중성,여,5.0,True,쉬크/인튜이션 석류 여성제모기
3.71,1ea ," 13,900원",제모용품,22,건성,여,4.0,True,쉬크/인튜이션 석류 여성제모기
3.71,1ea ," 13,900원",제모용품,23,복합성,여,4.0,True,쉬크/인튜이션 석류 여성제모기
3.71,1ea ," 13,900원",제모용품,25,복합성,여,5.0,True,쉬크/인튜이션 석류 여성제모기
3.71,1ea ," 13,900원",제모용품,25,민감성,여,4.0,True,쉬크/인튜이션 석류 여성제모기
3.71,1ea ," 13,900원",제모용품,23,복합성,여,5.0,True,쉬크/인튜이션 석류 여성제모기
3.71,1ea ," 13,900원",제모용품,25,복합성,여,5.0,True,쉬크/인튜이션 석류 여성제모기
4.18,1ea ," 13,900원",제모용품,29,건성,여,5.0,True,쉬크/인튜이션 아일랜드베리 제모기
3.73,2p ," 15,200원",제모용품,22,건성,여,5.0,True,질레트/비너스 스파 면도기
3.73,2p ," 15,200원",제모용품,21,건성,여,5.0,True,질레트/비너스 스파 면도기
4.08,500g ," 52,500원",제모용품,32,복합성,여,5.0,True,바나다왁싱/201 하드왁스
4.08,500g ," 52,500원",제모용품,31,민감성,여,4.0,True,바나다왁싱/201 하드왁스
4.83,1ea , 가격미정,제모용품,33,복합성,여,5.0,True,질레트/비너스 엑스트라 스무스 면도기
3.92,5ea ," 1,700원",제모용품,28,중성,여,5.0,True,빅/트윈 여성용 면도기
4.14,400ml ," 24,000원",헤어,37,건성,여,4.0,True,라보에이치/탈모증상완화 샴푸 [두피강화]
4.37,100g ," 9,500원",헤어,29,복합성,여,4.0,True,동구밭/올바른 샴푸바 [중건성용]
4.12,300ml ," 22,000원",헤어,31,건성,여,4.0,True,헤드스파7/썬트리 샴푸
4.31,500ml ," 10,900원",헤어,56,건성,여,5.0,True,팬틴/컨디셔닝 린스 극손상 케어
4.31,500ml ," 10,900원",헤어,26,중성,여,4.0,True,팬틴/컨디셔닝 린스 극손상 케어
4.31,500ml ," 10,900원",헤어,29,복합성,여,5.0,True,팬틴/컨디셔닝 린스 극손상 케어
4.31,500ml ," 10,900원",헤어,25,복합성,여,5.0,True,팬틴/컨디셔닝 린스 극손상 케어
4.31,500ml ," 10,900원",헤어,25,민감성,여,5.0,True,팬틴/컨디셔닝 린스 극손상 케어
4.33,300ml ," 35,000원",헤어,26,지성,여,5.0,True,컨텐트리/애프터올 슬릭 컨디셔너
4.33,300ml ," 35,000원",헤어,22,지성,여,4.0,True,컨텐트리/애프터올 슬릭 컨디셔너
4.27,250ml ," 17,000원",헤어,36,지성,여,5.0,True,존프리다/프리즈 이즈 미라큘러스 리커버리 컨디셔너
4.27,250ml ," 17,000원",헤어,21,복합성,여,5.0,True,존프리다/프리즈 이즈 미라큘러스 리커버리 컨디셔너
4.13,450ml ," 29,000원",헤어,28,건성,여,5.0,True,비욘드/프로페셔널 디펜스 컨디셔너
4.18,500ml ," 13,900원",헤어,32,복합성,여,5.0,True,리엔/자윤 서향 컨디셔너
3.93,450ml ," 12,000원",헤어,34,복합성,여,4.0,True,로레알파리/토탈 리페어5 컨디셔너
3.84,600ml ," 6,900원",헤어,27,복합성,여,4.0,True,엘라스틴/퍼퓸 퓨어브리즈 컨디셔너
3.84,600ml ," 6,900원",헤어,40,복합성,여,4.0,True,엘라스틴/퍼퓸 퓨어브리즈 컨디셔너
4.66,100g ," 9,500원",헤어,41,복합성,여,5.0,True,동구밭/올바른 린스바
4.66,100g ," 9,500원",헤어,23,건성,여,5.0,True,동구밭/올바른 린스바
4.26,600ml ," 5,010원",헤어,29,건성,여,4.0,True,케라시스/러블리 앤 로맨틱 퍼퓸 린스
3.79,750ml ," 4,900원",헤어,31,중성,여,4.0,True,케라시스/데미지 클리닉 컨디셔너
3.85,500ml ," 13,900원",헤어,34,민감성,여,4.0,True,리엔/자윤 백단향 컨디셔너
3.96,680ml ," 13,000원",헤어,36,지성,여,4.0,True,미쟝센/퍼펙트 세럼 린스 오리지널
4.44,210ml ," 50,000원",헤어,33,복합성,여,4.0,True,헤드스파7/트리트먼트 더 프리미엄
4.4,250ml ," 12,900원",헤어,37,복합성,여,4.0,True,미쟝센/살롱 플러스 클리닉 10 트리트먼트 [손상 모발용]
4.4,250ml ," 12,900원",헤어,22,건성,여,5.0,True,미쟝센/살롱 플러스 클리닉 10 트리트먼트 [손상 모발용]
4.41,207ml ," 26,000원",헤어,34,중성,여,5.0,True,어노브/딥 데미지 트리트먼트 EX
4.43,180g ," 16,000원",헤어,28,지성,여,5.0,True,츠바키/프리미엄 리페어 마스크
4.43,180g ," 16,000원",헤어,29,건성,여,4.0,True,츠바키/프리미엄 리페어 마스크
4.35,120ml ," 19,000원",헤어,24,지성,여,5.0,True,리비긴/오트 프로틴 트리트먼트
4.38,"1,000ml "," 49,000원",헤어,30,복합성,여,4.0,True,박준뷰티랩/LPP 단백질 트리트먼트 헤어팩
4.38,"1,000ml "," 49,000원",헤어,28,건성,여,5.0,True,박준뷰티랩/LPP 단백질 트리트먼트 헤어팩
4.23,170ml ," 7,900원",헤어,24,복합성,여,5.0,True,로레알파리/토탈 리페어 5 인스턴트 미라클 헤어팩
4.23,170ml ," 7,900원",헤어,27,복합성,여,4.0,True,로레알파리/토탈 리페어 5 인스턴트 미라클 헤어팩
4.23,170ml ," 7,900원",헤어,32,중성,여,4.0,True,로레알파리/토탈 리페어 5 인스턴트 미라클 헤어팩
4.26,120ml ," 21,000원",헤어,35,민감성,여,4.0,True,모레모/리커버리 밤 B
4.26,120ml ," 21,000원",헤어,27,건성,여,4.0,True,모레모/리커버리 밤 B
4.26,120ml ," 21,000원",헤어,27,건성,여,5.0,True,모레모/리커버리 밤 B
4.46,230ml ," 16,000원",헤어,36,민감성,여,4.0,True,미쟝센/퍼펙트 베이스업 에센스
4.46,230ml ," 16,000원",헤어,24,민감성,여,5.0,True,미쟝센/퍼펙트 베이스업 에센스
4.38,200ml ," 7,500원",헤어,36,민감성,여,4.0,True,미쟝센/퍼펙트 베이스업 에센스
4.38,200ml ," 7,500원",헤어,24,민감성,여,5.0,True,미쟝센/퍼펙트 베이스업 에센스
4.26,200ml ," 18,000원",헤어,25,민감성,여,5.0,True,로레알파리/드림랭스 노 헤어컷 크림
4.47,300g ," 28,000원",헤어,27,건성,여,5.0,True,닥터포헤어/폴리젠 씨솔트 스케일러
4.47,300g ," 28,000원",헤어,43,민감성,여,5.0,True,닥터포헤어/폴리젠 씨솔트 스케일러
4.47,300g ," 28,000원",헤어,32,건성,여,4.0,True,닥터포헤어/폴리젠 씨솔트 스케일러
4.47,300g ," 28,000원",헤어,28,중성,여,5.0,True,닥터포헤어/폴리젠 씨솔트 스케일러
4.47,300g ," 28,000원",헤어,25,중성,여,5.0,True,닥터포헤어/폴리젠 씨솔트 스케일러
4.47,300g ," 28,000원",헤어,27,복합성,여,4.0,True,닥터포헤어/폴리젠 씨솔트 스케일러
4.47,300g ," 28,000원",헤어,53,민감성,여,4.0,True,닥터포헤어/폴리젠 씨솔트 스케일러
4.47,300g ," 28,000원",헤어,24,지성,여,4.0,True,닥터포헤어/폴리젠 씨솔트 스케일러
4.47,300g ," 28,000원",헤어,36,복합성,여,5.0,True,닥터포헤어/폴리젠 씨솔트 스케일러
4.47,300g ," 28,000원",헤어,30,복합성,여,5.0,True,닥터포헤어/폴리젠 씨솔트 스케일러
4.47,300g ," 28,000원",헤어,31,복합성,여,5.0,True,닥터포헤어/폴리젠 씨솔트 스케일러
4.47,300g ," 28,000원",헤어,31,중성,여,5.0,True,닥터포헤어/폴리젠 씨솔트 스케일러
4.47,300g ," 28,000원",헤어,25,복합성,여,5.0,True,닥터포헤어/폴리젠 씨솔트 스케일러
3.83,200ml ," 36,000원",헤어,35,건성,여,4.0,True,라우쉬/스위스 허벌 헤어 토닉
4.25,100ml ," 22,000원",헤어,29,중성,여,5.0,True,아로마티카/로즈마리 액티브브이 안티헤어로스 토닉
3.86,250ml ," 27,000원",헤어,36,민감성,여,5.0,True,두피부/스칼프 모이스처라이징 드라이 앰플
4.64,100ml ," 33,000원",헤어,32,건성,여,4.0,True,르네휘테르/포티샤 두피 세럼
4.64,100ml ," 33,000원",헤어,34,복합성,여,5.0,True,르네휘테르/포티샤 두피 세럼
4.14,100ml ," 24,000원",헤어,32,복합성,여,5.0,True,달리프/클로렐라 베러 루트 쿨링스프레이
4.3,200ml ," 47,000원",헤어,38,지성,여,5.0,True,라우쉬/오리지널 헤어 팅크처
4.3,200ml ," 47,000원",헤어,35,건성,여,4.0,True,라우쉬/오리지널 헤어 팅크처
4.6,100ml ," 13,000원",헤어,31,지성,남,4.0,True,아로마티카/로즈마리 루트 인핸서
4.6,100ml ," 13,000원",헤어,26,지성,여,5.0,True,아로마티카/로즈마리 루트 인핸서
4.6,100ml ," 13,000원",헤어,39,복합성,여,5.0,True,아로마티카/로즈마리 루트 인핸서
4.69,25ml*2 ," 12,000원",헤어,22,건성,여,5.0,True,얼라이브랩/오투 스칼프 앰플
4.03,200ml ," 14,500원",헤어,29,건성,여,4.0,True,바티스트/드라이샴푸 [클린&클래식 오리지널]
4.03,200ml ," 14,500원",헤어,21,복합성,여,5.0,True,바티스트/드라이샴푸 [클린&클래식 오리지널]
4.03,200ml ," 14,500원",헤어,24,건성,여,5.0,True,바티스트/드라이샴푸 [클린&클래식 오리지널]
4.03,200ml ," 14,500원",헤어,23,복합성,여,4.0,True,바티스트/드라이샴푸 [클린&클래식 오리지널]
4.03,200ml ," 14,500원",헤어,26,복합성,여,5.0,True,바티스트/드라이샴푸 [클린&클래식 오리지널]
4.03,200ml ," 14,500원",헤어,29,복합성,여,4.0,True,바티스트/드라이샴푸 [클린&클래식 오리지널]
4.03,200ml ," 14,500원",헤어,34,복합성,여,5.0,True,바티스트/드라이샴푸 [클린&클래식 오리지널]
4.03,200ml ," 14,500원",헤어,28,복합성,여,4.0,True,바티스트/드라이샴푸 [클린&클래식 오리지널]
4.03,200ml ," 14,500원",헤어,29,복합성,여,4.0,True,바티스트/드라이샴푸 [클린&클래식 오리지널]
4.03,200ml ," 14,500원",헤어,19,복합성,여,5.0,True,바티스트/드라이샴푸 [클린&클래식 오리지널]
4.03,200ml ," 14,500원",헤어,42,민감성,여,5.0,True,바티스트/드라이샴푸 [클린&클래식 오리지널]
4.03,200ml ," 14,500원",헤어,28,건성,여,4.0,True,바티스트/드라이샴푸 [클린&클래식 오리지널]
4.03,200ml ," 14,500원",헤어,24,지성,여,5.0,True,바티스트/드라이샴푸 [클린&클래식 오리지널]
4.03,200ml ," 14,500원",헤어,24,복합성,여,5.0,True,바티스트/드라이샴푸 [클린&클래식 오리지널]
4.03,200ml ," 14,500원",헤어,25,중성,여,5.0,True,바티스트/드라이샴푸 [클린&클래식 오리지널]
4.03,200ml ," 14,500원",헤어,31,민감성,여,5.0,True,바티스트/드라이샴푸 [클린&클래식 오리지널]
4.03,200ml ," 14,500원",헤어,24,복합성,여,5.0,True,바티스트/드라이샴푸 [클린&클래식 오리지널]
4.03,200ml ," 14,500원",헤어,20,건성,여,5.0,True,바티스트/드라이샴푸 [클린&클래식 오리지널]
4.03,200ml ," 14,500원",헤어,28,복합성,여,4.0,True,바티스트/드라이샴푸 [클린&클래식 오리지널]
4.03,200ml ," 14,500원",헤어,22,복합성,여,4.0,True,바티스트/드라이샴푸 [클린&클래식 오리지널]
3.97,200ml ," 14,500원",헤어,24,건성,여,4.0,True,바티스트/드라이샴푸 [후레쉬]
3.97,200ml ," 14,500원",헤어,39,복합성,여,4.0,True,바티스트/드라이샴푸 [후레쉬]
3.95,100ml ," 25,000원",헤어,30,복합성,여,5.0,True,헤드스파7/노워시 샴푸
3.95,200ml ," 14,500원",헤어,21,민감성,여,4.0,True,바티스트/드라이샴푸 [프룻티&치키 체리]
4.3,150ml ," 16,000원",헤어,49,복합성,여,4.0,True,클로란/아쿠아민트 쿨세범 드라이샴푸
4.3,150ml ," 16,000원",헤어,22,건성,여,4.0,True,클로란/아쿠아민트 쿨세범 드라이샴푸
4.0,200ml ," 14,500원",헤어,28,건성,여,4.0,True,바티스트/드라이샴푸 [플로랄]
4.0,200ml ," 14,500원",헤어,26,복합성,여,4.0,True,바티스트/드라이샴푸 [플로랄]
4.0,200ml ," 14,500원",헤어,33,민감성,여,4.0,True,바티스트/드라이샴푸 [플로랄]
4.0,200ml ," 14,500원",헤어,31,건성,여,5.0,True,바티스트/드라이샴푸 [플로랄]
5.0,200ml ," 11,900원",헤어,29,복합성,여,5.0,True,코랩/드라이 샴푸 [오리지널]
5.0,200ml ," 11,900원",헤어,30,중성,여,5.0,True,코랩/드라이 샴푸 [오리지널]
4.09,150ml ," 16,000원",헤어,28,복합성,여,4.0,True,클로란/네틀 노세범 드라이 샴푸
3.56,200ml ," 11,900원",헤어,29,복합성,여,5.0,True,코랩/드라이 샴푸 [파라다이스]
4.5,50ml ," 36,000원",헤어,32,복합성,여,5.0,True,모로칸오일/트리트먼트 오리지날
4.5,50ml ," 36,000원",헤어,23,지성,여,5.0,True,모로칸오일/트리트먼트 오리지날
4.5,30ml ," 62,000원",헤어,32,지성,여,4.0,True,디올/미스 디올 헤어 미스트
4.34,100ml ," 22,000원",헤어,31,지성,여,4.0,True,힐링버드/울트라 프로틴 헤어오일 리치
4.34,100ml ," 22,000원",헤어,29,건성,여,4.0,True,힐링버드/울트라 프로틴 헤어오일 리치
4.34,100ml ," 22,000원",헤어,25,건성,여,5.0,True,힐링버드/울트라 프로틴 헤어오일 리치
4.27,150ml ," 14,800원",헤어,37,지성,여,5.0,True,시드물/헤어 테라피
4.27,150ml ," 14,800원",헤어,29,건성,여,4.0,True,시드물/헤어 테라피
4.23,150ml ," 12,000원",헤어,24,복합성,여,4.0,True,아모스프로페셔널/컬링 에센스 2X
4.23,150ml ," 12,000원",헤어,30,복합성,여,4.0,True,아모스프로페셔널/컬링 에센스 2X
4.23,150ml ," 12,000원",헤어,24,지성,여,5.0,True,아모스프로페셔널/컬링 에센스 2X
4.23,150ml ," 12,000원",헤어,19,복합성,여,5.0,True,아모스프로페셔널/컬링 에센스 2X
4.23,150ml ," 12,000원",헤어,21,중성,여,4.0,True,아모스프로페셔널/컬링 에센스 2X
4.34,150ml ," 57,000원",헤어,28,복합성,여,5.0,True,케라스타즈/레지스턴스 시몽 테르미크
4.21,100ml ," 19,000원",헤어,32,건성,여,4.0,True,로레알파리/엑스트라오디네리 오일 엑스트라 리치
4.21,100ml ," 19,000원",헤어,39,건성,여,4.0,True,로레알파리/엑스트라오디네리 오일 엑스트라 리치
4.21,100ml ," 19,000원",헤어,25,건성,여,5.0,True,로레알파리/엑스트라오디네리 오일 엑스트라 리치
4.21,100ml ," 19,000원",헤어,26,건성,여,5.0,True,로레알파리/엑스트라오디네리 오일 엑스트라 리치
4.21,100ml ," 19,000원",헤어,20,지성,여,4.0,True,로레알파리/엑스트라오디네리 오일 엑스트라 리치
4.31,35ml ," 67,000원",헤어,29,건성,여,5.0,True,샤넬/샹스 오 땅드르 헤어 미스트
